filename,category,old_rate,path_rate,rle_rate,straights_rate,straights_huffman_rate,comp_time,decomp_time
apps-help-browser.png,icon_64,1.73363,1.57622,0.601001,1.41992,1.48765,6,5
actions-document-properties.png,icon_64,3.10931,2.8738,0.468695,1.77367,2.03714,3,2
mimetypes-x-office-spreadsheet-template.png,icon_64,1.73559,1.52917,0.413811,1.36352,1.44293,4,2
apps-preferences-system-windows.png,icon_64,6.19355,5.92836,1.66214,6.85714,7.04587,2,1
mimetypes-x-office-presentation.png,icon_64,2.98252,2.74776,0.507446,1.90926,2.1289,4,2
actions-format-text-strikethrough.png,icon_64,2.84972,2.85154,0.838428,2.50776,2.63014,3,1
mimetypes-text-x-script.png,icon_64,3.04762,2.81932,0.437181,1.54333,1.806,4,2
actions-edit-select-all.png,icon_64,4.30252,3.90576,0.405678,1.8156,2.20531,3,2
actions-view-refresh.png,icon_64,2.2489,2.14109,0.636128,1.80335,1.91164,3,2
actions-go-first.png,icon_64,2.59459,2.53093,0.938759,2.47542,2.51186,2,1
status-network-transmit-receive.png,icon_64,1.79859,1.59771,0.450432,1.44871,1.51929,4,2
apps-preferences-system-network-proxy.png,icon_64,1.76552,1.62446,0.723867,1.6,1.63144,3,2
status-dialog-warning.png,icon_64,3.86902,4.04211,0.641893,1.91342,2.2994,3,2
actions-edit-undo.png,icon_64,3.66587,4.06484,1.44784,3.37027,3.52294,2,1
devices-computer.png,icon_64,1.85507,1.64155,0.355009,1.34295,1.44837,4,3
categories-applications-office.png,icon_64,2.30977,2.2143,0.753293,2.0085,2.0813,3,2
actions-go-top.png,icon_64,2.44197,2.37134,0.917451,2.33879,2.3649,2,1
devices-drive-removable-media.png,icon_64,2.74776,2.59056,0.458356,1.75443,1.96043,3,2
emotes-face-angel.png,icon_64,1.83732,1.69867,0.66745,1.61429,1.66324,3,2
status-battery-caution.png,icon_64,2.84972,2.68407,0.682217,2.01641,2.20373,3,2
actions-format-indent-less.png,icon_64,3.9084,3.56781,0.412863,1.66775,2.02639,3,2
status-network-offline.png,icon_64,1.80919,1.59662,0.374916,1.31704,1.41567,4,3
devices-input-mouse.png,icon_64,2.18803,2.07371,0.738517,1.9176,1.98066,3,1
actions-appointment-new.png,icon_64,1.58187,1.40627,0.587395,1.34855,1.39193,4,2
status-folder-drag-accept.png,icon_64,2.91461,2.76562,0.577793,2.19821,2.36672,3,1
actions-go-last.png,icon_64,2.72824,2.68099,0.95101,2.54515,2.59898,2,1
apps-preferences-desktop-font.png,icon_64,4.27855,3.96275,0.620277,1.61684,1.9961,3,2
actions-mail-send-receive.png,icon_64,2.28571,2.13811,0.663947,1.78087,1.89163,3,2
mimetypes-x-office-document-template.png,icon_64,1.94185,1.69405,0.342667,1.26602,1.40018,5,3
actions-mail-reply-sender.png,icon_64,3.01176,2.91306,0.686519,2.0898,2.29254,3,2
mimetypes-video-x-generic.png,icon_64,2.19742,2.09599,0.67165,1.77932,1.87317,3,2
devices-video-display.png,icon_64,2.07287,1.8971,0.413082,1.53985,1.65785,4,2
emblems-emblem-readonly.png,icon_64,5.71004,5.47319,0.687676,1.7273,2.21485,3,2
emotes-face-surprise.png,icon_64,1.98194,1.86808,0.914856,1.86125,1.88351,3,2
actions-go-up.png,icon_64,3.25424,3.42654,1.17497,3.21339,3.25424,2,1
actions-edit-find.png,icon_64,2.42654,2.20427,0.462003,1.62154,1.79439,3,2
mimetypes-application-x-executable.png,icon_64,2.4113,2.34829,0.79342,2.08483,2.14976,3,2
places-user-desktop.png,icon_64,2.8818,2.90952,0.686317,2.4275,2.57502,2,1
status-printer-error.png,icon_64,2.77256,2.5376,0.618692,2.19116,2.31674,3,2
apps-system-file-manager.png,icon_64,4.84543,5.20982,0.977653,4.20822,4.53097,2,1
places-user-home.png,icon_64,3.12195,3.05596,0.678773,2.5098,2.66667,3,1
devices-input-keyboard.png,icon_64,2.37771,2.26596,0.651063,1.97049,2.06452,3,2
apps-preferences-desktop-keyboard-shortcuts.png,icon_64,2.05622,1.79374,0.516476,1.62282,1.72004,4,2
categories-preferences-system.png,icon_64,2.35945,2.29731,1.17646,2.12669,2.19585,3,1
status-network-idle.png,icon_64,1.68977,1.49929,0.351481,1.25953,1.34737,4,3
emblems-emblem-symbolic-link.png,icon_64,5.44681,5.00836,0.704486,1.65964,2.12008,3,2
actions-contact-new.png,icon_64,2.47343,2.25587,0.589141,1.6088,1.7819,3,2
status-weather-snow.png,icon_64,2,1.83338,0.720804,1.66369,1.73952,3,2
actions-tab-new.png,icon_64,4.1626,4.23706,1.25718,4.12072,4.18529,2,1
apps-preferences-desktop-wallpaper.png,icon_64,2.26549,2.09988,0.54257,1.82369,1.91283,3,2
apps-system-users.png,icon_64,1.93208,1.80275,0.7419,1.75342,1.79021,3,2
actions-edit-find-replace.png,icon_64,2.05898,1.85245,0.557905,1.56855,1.66685,3,2
devices-input-gaming.png,icon_64,3.08434,2.97882,0.654967,1.87546,2.12155,3,2
emblems-emblem-photos.png,icon_64,2.6167,2.54107,0.711363,2.26382,2.34146,3,1
actions-media-seek-forward.png,icon_64,3.28205,3.50397,1.17704,3.09366,3.18672,2,1
devices-media-floppy.png,icon_64,2.34862,2.12784,0.619066,2.01575,2.11425,3,1
devices-media-flash.png,icon_64,2.63465,2.3456,0.723963,2.2522,2.3379,3,2
actions-edit-redo.png,icon_64,3.31034,3.54773,1.52395,3.16701,3.24051,2,1
places-folder-remote.png,icon_64,2.8818,2.73606,0.654936,2.32551,2.46351,3,1
emblems-emblem-important.png,icon_64,3.91837,4.38838,0.982107,2.95243,3.27505,2,1
places-start-here.png,icon_64,3.93846,4.4763,1.2997,3.45946,3.7012,2,1
actions-address-book-new.png,icon_64,2.27556,2.08638,0.444845,1.56815,1.71237,4,2
apps-preferences-desktop-locale.png,icon_64,4.01044,3.66642,1.16514,3.93342,4.01044,2,1
actions-edit-paste.png,icon_64,2.65285,2.37489,0.413099,1.64234,1.83513,4,2
mimetypes-audio-x-generic.png,icon_64,3.69231,4.04577,0.826112,3.06281,3.26115,2,1
actions-mail-message-new.png,icon_64,2.048,1.857,0.432269,1.42519,1.55308,4,2
devices-camera-photo.png,icon_64,2.49351,2.36404,0.651046,1.95731,2.08412,3,2
devices-battery.png,icon_64,3.49886,3.53446,1.01182,3.18838,3.30323,2,1
status-weather-few-clouds-night.png,icon_64,2.29596,2.20848,0.926173,2.07078,2.12448,3,1
status-weather-clear.png,icon_64,2.27893,2.15934,0.89083,2.02438,2.11134,3,1
status-audio-volume-muted.png,icon_64,2.26215,2.13463,0.899495,1.9974,2.06036,3,1
actions-edit-copy.png,icon_64,3.45946,3.21675,0.498878,1.97493,2.25551,3,2
mimetypes-text-x-generic.png,icon_64,4.62651,4.3714,0.491859,2.02039,2.47542,3,2
actions-media-playback-stop.png,icon_64,4.86076,6.00697,1.32099,5.01551,5.21562,2,0
devices-drive-optical.png,icon_64,3.44395,3.31693,0.600704,1.80176,2.09407,3,2
actions-system-search.png,icon_64,1.97176,1.84817,0.874778,1.82098,1.85732,3,2
actions-document-print-preview.png,icon_64,2.18182,1.98795,0.661521,1.92361,1.98066,3,2
devices-multimedia-player.png,icon_64,2.44976,2.19453,0.604631,1.95981,2.07427,3,2
devices-camera-video.png,icon_64,2.18803,2.04868,0.55249,1.78865,1.8766,3,2
places-folder.png,icon_64,3.57209,3.65959,0.887565,3.08279,3.24393,2,1
actions-list-add.png,icon_64,5.56522,7.52826,1.29663,5.13283,5.55515,2,0
status-weather-clear-night.png,icon_64,3.24051,3.45011,1.10846,2.89266,3.01472,2,1
status-dialog-error.png,icon_64,2.4576,2.2355,0.458747,1.64059,1.80388,4,2
status-audio-volume-low.png,icon_64,2.22609,2.13969,0.913216,2.09407,2.13037,3,2
actions-format-indent-more.png,icon_64,3.96899,3.74335,0.422658,1.72101,2.09693,3,2
categories-applications-games.png,icon_64,2.5515,2.42379,0.528581,1.61302,1.81025,3,2
mimetypes-x-office-calendar.png,icon_64,2.91461,2.82499,0.631019,2.2489,2.40564,3,1
actions-go-next.png,icon_64,3.05976,3.19283,1.43734,3.11562,3.12513,2,1
status-audio-volume-high.png,icon_64,2.02372,1.88304,0.685925,1.75192,1.81883,3,2
apps-preferences-desktop-assistive-technology.png,icon_64,1.55308,1.38254,0.517381,1.32757,1.37265,4,2
actions-format-text-bold.png,icon_64,2.29596,2.21425,0.864819,2.13111,2.1741,3,1
status-weather-showers.png,icon_64,1.76552,1.61517,0.73393,1.50367,1.55623,3,2
apps-internet-mail.png,icon_64,2.44197,2.26418,0.42004,1.54839,1.72584,3,2
emotes-face-sad.png,icon_64,2.10989,2.01138,0.96169,1.96231,1.9961,3,1
actions-bookmark-new.png,icon_64,2.7234,2.44203,0.533218,1.75342,1.948,4,2
emblems-emblem-favorite.png,icon_64,2.97099,3.04309,0.901516,2.47842,2.61447,2,1
status-dialog-information.png,icon_64,2.27556,2.21815,1.16056,2.29083,2.28232,2,1
apps-internet-group-chat.png,icon_64,6.4,7.82488,0.706618,2.70899,3.39448,3,1
mimetypes-package-x-generic.png,icon_64,3.35371,3.32862,1.05771,3.1331,3.21675,2,1
actions-system-shutdown.png,icon_64,3.79259,3.47979,0.715526,2.17641,2.50367,3,2
devices-media-optical.png,icon_64,1.46705,1.32291,0.811558,1.41144,1.41632,3,2
emotes-face-monkey.png,icon_64,1.67503,1.53586,0.921571,1.64015,1.64366,3,2
status-network-receive.png,icon_64,1.72004,1.52627,0.376039,1.31142,1.3951,4,3
mimetypes-text-html.png,icon_64,2.22287,2.01377,0.466358,1.53831,1.68144,4,2
categories-applications-internet.png,icon_64,1.577,1.43459,0.813458,1.49635,1.50884,3,2
actions-process-stop.png,icon_64,2.44586,2.18774,0.510037,1.15164,1.36412,4,3
apps-preferences-system-session.png,icon_64,3.18672,2.80732,0.750052,2.71378,2.83134,3,1
mimetypes-x-office-address-book.png,icon_64,2.70423,2.52256,0.428161,1.7119,1.9176,4,2
devices-network-wired.png,icon_64,3.67464,3.98686,1.19194,2.8119,3.08124,2,1
status-image-loading.png,icon_64,2.65285,2.43297,0.506424,1.73854,1.93329,3,2
actions-media-seek-backward.png,icon_64,3.28908,3.51349,1.13795,3.08589,3.19003,2,1
apps-preferences-desktop-theme.png,icon_64,2.66667,2.56187,0.71193,2.28827,2.3888,3,1
emotes-face-grin.png,icon_64,2.37037,2.2734,0.757262,2.11789,2.18027,3,1
actions-view-fullscreen.png,icon_64,3.83042,3.62786,1.275,3.34276,3.49091,2,1
actions-media-record.png,icon_64,3.22013,3.39365,1.11642,3.02511,3.10931,2,1
places-network-workgroup.png,icon_64,3.2,3.04667,0.625945,2.47343,2.65056,3,1
mimetypes-font-x-generic.png,icon_64,3.24051,2.84642,0.515401,1.22708,1.50958,4,2
status-folder-open.png,icon_64,3.73723,3.60497,0.672675,2.6912,2.92293,3,1
categories-applications-multimedia.png,icon_64,2.63014,2.42451,0.488256,1.62583,1.81883,4,2
status-software-update-available.png,icon_64,3.33189,3.35383,0.975277,2.86969,3.02362,2,1
status-network-wireless-encrypted.png,icon_64,1.97683,1.84726,0.705437,1.72391,1.77984,3,2
actions-mail-mark-junk.png,icon_64,1.79859,1.64984,0.563189,1.48334,1.54761,4,2
emotes-face-crying.png,icon_64,2.02105,1.91234,0.986859,1.89923,1.93208,3,2
status-image-missing.png,icon_64,3.63121,3.26158,0.534348,1.67731,1.9974,4,2
emblems-emblem-system.png,icon_64,1.83952,1.70064,0.659581,1.57015,1.62884,3,2
actions-folder-new.png,icon_64,2.3814,2.2489,0.801063,2.1445,2.19585,3,1
devices-printer.png,icon_64,3.76471,3.55993,0.665989,2.91323,3.154,3,1
places-user-trash.png,icon_64,1.98706,1.76691,0.459801,1.54139,1.63231,4,2
categories-preferences-desktop-peripherals.png,icon_64,1.92481,1.75543,0.503937,1.45042,1.54683,4,2
devices-audio-card.png,icon_64,1.98964,1.8153,0.549458,1.6419,1.70667,4,2
emblems-emblem-unreadable.png,icon_64,1.85956,1.66656,0.64005,1.56535,1.6463,3,2
devices-network-wireless.png,icon_64,2.81835,2.53694,0.681238,1.46321,1.70006,4,2
mimetypes-x-office-spreadsheet.png,icon_64,2.2994,2.09002,0.481814,1.66414,1.81132,3,2
actions-format-justify-center.png,icon_64,4.2314,3.90436,0.365235,1.56695,1.95296,4,2
actions-document-print.png,icon_64,3.62264,3.43949,0.646108,2.74041,2.95954,3,1
emotes-face-wink.png,icon_64,2.04527,1.94008,1.0036,1.94246,1.96545,3,1
status-audio-volume-medium.png,icon_64,2.13333,2.01885,0.800287,1.93025,1.98321,3,2
places-network-server.png,icon_64,4.64048,5.05913,1.06641,4.17675,4.42651,2,1
emotes-face-kiss.png,icon_64,2.04255,1.93546,0.924475,1.89513,1.93086,3,1
apps-preferences-desktop-accessibility.png,icon_64,1.76349,1.57541,0.497359,1.44192,1.51704,4,2
emotes-face-smile.png,icon_64,2.09264,1.9929,0.963,1.95482,1.99093,3,1
apps-system-software-update.png,icon_64,2.15428,1.97124,0.531364,1.56376,1.68977,4,2
categories-preferences-desktop.png,icon_64,4.25485,4.18279,0.821082,3.31213,3.52698,3,1
actions-system-lock-screen.png,icon_64,2.048,1.87356,0.455877,1.59253,1.69163,4,2
actions-go-bottom.png,icon_64,2.69947,2.64102,0.778596,2.35222,2.44197,3,1
actions-format-text-underline.png,icon_64,2.57718,2.51649,0.762833,2.24152,2.34504,3,1
status-weather-few-clouds.png,icon_64,1.93939,1.80477,0.814922,1.72681,1.77265,3,2
apps-internet-web-browser.png,icon_64,1.81991,1.68568,0.850285,1.66054,1.68977,3,2
actions-edit-cut.png,icon_64,2.44197,2.37892,0.885334,1.99675,2.11862,3,1
status-weather-severe-alert.png,icon_64,2.00261,1.86489,0.742382,1.73461,1.79335,3,2
apps-office-calendar.png,icon_64,3.33189,3.2968,0.698187,2.58043,2.76508,3,1
categories-applications-development.png,icon_64,1.52381,1.37636,0.681082,1.41927,1.43551,3,2
actions-go-jump.png,icon_64,4.0315,4.65741,1.49961,3.66369,3.8593,2,1
categories-applications-other.png,icon_64,2.57718,2.5256,1.0309,2.12742,2.2407,2,1
apps-utilities-terminal.png,icon_64,1.88466,1.66155,0.452778,1.51405,1.5975,4,2
actions-media-playback-start.png,icon_64,4.18529,4.89732,1.58767,4.09327,4.19672,2,1
actions-go-home.png,icon_64,2.45367,2.25174,0.561426,1.6194,1.78709,4,2
devices-audio-input-microphone.png,icon_64,2.11862,2.00866,0.679778,1.82912,1.8963,3,2
apps-internet-news-reader.png,icon_64,4.06349,4.08392,0.991818,3.65062,3.78325,2,1
status-network-error.png,icon_64,1.56256,1.37432,0.352655,1.1951,1.26628,5,3
emotes-face-plain.png,icon_64,2.09264,1.99157,0.947298,1.96419,1.99351,3,1
mimetypes-x-office-document.png,icon_64,4.04211,3.79303,0.50842,1.99093,2.37403,3,2
mimetypes-image-x-generic.png,icon_64,2.54305,2.30112,0.705578,2.17564,2.26382,3,1
status-weather-showers-scattered.png,icon_64,1.91045,1.76428,0.728593,1.6463,1.70667,3,2
categories-applications-accessories.png,icon_64,2.00522,1.86245,0.619386,1.63014,1.71142,4,2
emotes-face-glasses.png,icon_64,1.71047,1.5747,0.889951,1.62626,1.63927,3,2
apps-system-installer.png,icon_64,2.62116,2.49281,0.823137,2.23013,2.32904,3,1
mimetypes-application-certificate.png,icon_64,2.048,1.9392,0.847419,1.86521,1.91283,3,2
actions-media-playback-pause.png,icon_64,4.11796,4.70624,1.14691,4.06887,4.24309,2,1
actions-media-eject.png,icon_64,4.17391,4.74876,1.27687,4.09873,4.21399,2,1
actions-document-save.png,icon_64,2.07848,1.88073,0.464568,1.42189,1.55308,4,3
apps-utilities-system-monitor.png,icon_64,1.42884,1.24446,0.36449,1.14328,1.2,5,3
actions-system-log-out.png,icon_64,1.90099,1.6869,0.479169,1.52798,1.60083,4,2
actions-document-new.png,icon_64,3.18672,2.86559,0.530438,1.52988,1.82315,4,2
actions-media-skip-backward.png,icon_64,2.85502,2.88552,0.750894,2.43423,2.56642,3,1
apps-accessories-calculator.png,icon_64,3.12195,2.8254,0.625367,2.33523,2.52217,3,2
apps-preferences-desktop-multimedia.png,icon_64,1.73168,1.58555,0.905602,1.60167,1.62712,3,2
emotes-face-devilish.png,icon_64,2.12742,1.98722,0.627563,1.76755,1.84949,3,2
categories-applications-graphics.png,icon_64,2.78766,2.77758,0.833565,2.44197,2.54726,3,1
actions-edit-clear.png,icon_64,2.67596,2.71191,1.5097,2.65859,2.67596,2,1
emotes-face-smile-big.png,icon_64,2.13037,2.02609,0.936478,1.98964,2.02372,3,1
actions-list-remove.png,icon_64,6.73684,11.0417,1.89268,7.61338,8.06299,1,0
actions-format-justify-fill.png,icon_64,4.46512,4.13772,0.371788,1.65606,2.07568,4,2
actions-format-justify-left.png,icon_64,4.31461,3.97606,0.370732,1.56735,1.95918,4,2
mimetypes-x-office-drawing.png,icon_64,3.51487,3.33031,0.556235,1.82423,2.13779,4,2
mimetypes-x-office-presentation-template.png,icon_64,1.75744,1.55786,0.433791,1.34354,1.42486,4,3
status-weather-overcast.png,icon_64,2.2994,2.22046,0.943878,2.06521,2.12448,3,1
actions-media-skip-forward.png,icon_64,2.84972,2.87935,0.816906,2.45074,2.57718,2,1
actions-format-justify-right.png,icon_64,4.2905,3.96659,0.356387,1.57377,1.96545,4,2
places-folder-saved-search.png,icon_64,2.89266,2.7084,0.622303,2.33523,2.48142,3,1
devices-drive-harddisk.png,icon_64,3.05976,2.88003,0.4792,1.67548,1.93086,4,2
actions-go-previous.png,icon_64,2.97099,3.07854,1.28643,3.03707,3.04158,2,1
status-weather-storm.png,icon_64,1.7923,1.6571,0.759433,1.63361,1.66414,3,2
actions-document-open.png,icon_64,3.02362,2.75038,0.525684,2.11716,2.30458,3,2
actions-window-new.png,icon_64,4.41379,3.89184,1.84553,5.18481,5.22449,2,1
status-mail-attachment.png,icon_64,3.25424,3.46678,1.1034,2.84313,3.00293,2,1
apps-accessories-text-editor.png,icon_64,2.69474,2.41284,0.536752,1.806,1.97938,4,2
apps-preferences-desktop-screensaver.png,icon_64,2.00261,1.83304,0.430552,1.52419,1.62798,4,2
categories-applications-system.png,icon_64,1.76959,1.62814,0.600781,1.51779,1.57296,4,2
actions-go-down.png,icon_64,3.41333,3.61691,1.40222,3.40765,3.4324,2,1
actions-mail-reply-all.png,icon_64,2.03444,1.85263,0.654339,1.60167,1.68884,4,2
status-folder-visiting.png,icon_64,6.64935,6.90046,2.42116,8.15936,7.97922,2,0
status-user-trash-full.png,icon_64,1.53908,1.36446,0.477563,1.28913,1.3374,4,2
apps-accessories-character-map.png,icon_64,2.83919,2.60871,0.526143,1.98578,2.16643,3,2
actions-format-text-italic.png,icon_64,3.05976,3.17396,1.14052,2.94959,3.02065,2,1
mimetypes-x-office-drawing-template.png,icon_64,1.78605,1.55764,0.343185,1.22659,1.33915,5,3
apps-preferences-desktop-remote-desktop.png,icon_64,1.78397,1.60906,0.451137,1.36442,1.44906,4,2
status-software-update-urgent.png,icon_64,4.04211,4.32924,1.08835,3.29968,3.55968,2,1
actions-mail-forward.png,icon_64,2.86034,2.73416,0.742376,2.0521,2.23581,3,1
status-network-transmit.png,icon_64,1.76147,1.56423,0.416188,1.38597,1.46008,4,2
actions-document-save-as.png,icon_64,2.35583,2.16205,0.590641,1.82966,1.94554,3,2
actions-edit-delete.png,icon_64,2.26549,2.02176,0.550112,1.8156,1.91402,4,2
mimetypes-text-x-generic-template.png,icon_64,3.35371,3.1296,0.486914,1.70572,1.9987,4,2
Agar.io_gameplay1.png,screenshot_game,7.58477,10.7427,4.02841,11.7881,13.0951,186,83
Galaxy_Game_(1971)_-_Title_screen.png,screenshot_game,11.7687,55.538,29.487,65.0804,89.2861,41,7
Rain_World_screenshot_-_Sky_Islands_5.png,screenshot_game,1.52412,1.359,0.62037,1.35815,1.4286,763,672
CompliKATEd_screenshot_4.png,screenshot_game,1.87819,1.65157,0.528347,1.37175,1.51788,950,643
Galak-Z_screenshot_-_missile_porn.png,screenshot_game,1.0775,0.930817,0.381729,0.913739,0.963226,1145,853
Flinthook_screenshot_-_Pax_start.png,screenshot_game,3.21976,3.02791,0.978801,2.89439,3.13973,520,333
Neverball_Titelbildschirm.png,screenshot_game,3.10576,3.07097,0.884885,2.30484,2.59729,539,369
Biniax2_screenshot.png,screenshot_game,2.45895,2.2185,0.803097,1.90707,2.10073,216,150
SpellTower_screenshot_-_PuzzleMode-Lose_2.png,screenshot_game,4.06664,4.40465,1.78102,2.23854,2.76112,1053,731
Neverball_Gameplay_Screenshot_12.png,screenshot_game,1.81693,1.60542,0.461825,1.40808,1.53708,792,587
BFM-screenshot01.png,screenshot_game,3.63927,1.39951,0.427571,0.9933,1.3017,985,757
PekkaKana2_Scr01.png,screenshot_game,1.64604,1.39157,0.274746,0.944425,1.08406,97,75
Galak-Z_screenshot_-_lost_in_space.png,screenshot_game,1.05238,0.909607,0.39687,0.920427,0.962953,1075,853
Score4Zugzwang.png,screenshot_game,8.00795,12.7007,3.41193,3.86348,5.0438,93,59
Minicraft_Title_Screen.png,screenshot_game,11.8467,92.0312,62.7034,67.6233,89.5028,30,6
Alto%27s_Adventure_screenshot_-_B01_Roof.png,screenshot_game,4.61807,4.7701,0.949553,2.46256,3.00551,533,364
TowerFall_Mirage.png,screenshot_game,10.12,23.3284,6.4934,21.7943,26.3455,173,65
Trini_Shii%22Mori.png,screenshot_game,1.12903,0.975128,0.400237,0.939917,0.995096,527,408
Dark_Scavenger_screenshot_1.png,screenshot_game,0.997478,0.863277,0.566849,0.977999,0.997606,587,440
Marty%27O.png,screenshot_game,1.10982,0.960418,0.438176,0.954466,1.00324,646,495
Sn%C3%ADmek_obrazovky_2021-09-12_v_16.57.06.png,screenshot_game,6.33847,7.99696,2.74419,8.15244,8.93337,197,96
Winners_Dont_Use_Drugs.png,screenshot_game,10.8104,20.4134,5.9827,5.81913,8.02268,22,12
Job_Simulator_screenshot_-_Office_01.png,screenshot_game,1.81695,1.62099,0.504902,1.26836,1.41322,869,645
Blek_-_Level_5_screenshot.png,screenshot_game,2.62201,1.82845,0.364051,1.00919,1.25207,1084,847
Able_builders_intro2.png,screenshot_game,11.4048,42.3277,22.7093,27.1826,35.5336,15,3
ProgressQuest_Screenshot.png,screenshot_game,10.6752,15.7481,9.44197,13.6141,17.5911,61,24
Trainyard_game_-_screenshot_of_mixing_colors_-_2_of_3.png,screenshot_game,3.35953,3.00506,1.66718,3.66208,3.85565,346,204
Galak-Z_screenshot_-_gz_blue.png,screenshot_game,1.1948,1.02815,0.387628,0.931498,1.00263,1103,835
X-pired.png,screenshot_game,0.979535,0.84892,0.602007,0.977677,0.994708,188,145
Stay_Frosty_(SpiceWare)_1.png,screenshot_game,5.65692,7.14109,1.58167,5.94199,6.62025,25,14
Trainyard_game_-_screenshot_of_mixing_colors_-_3_of_3.png,screenshot_game,3.36778,3.01387,1.67206,3.67351,3.86788,344,202
Flying_Tigers-_Shadows_Over_China_gameplay_screenshot_1.png,screenshot_game,1.40512,1.21886,0.401158,1.00824,1.11137,1025,781
Broforce_four_players.png,screenshot_game,2.31902,2.10031,0.609623,1.79812,1.97401,714,495
Neverball_Gameplay_Screenshot_13.png,screenshot_game,1.66357,1.46473,0.463587,1.35156,1.45579,793,581
Rain_World_screenshot_-_Sky_Islands_4.png,screenshot_game,1.5308,1.36867,0.65167,1.38865,1.45557,762,570
Hedgeweap.png,screenshot_game,3.33228,3.24986,1.25315,2.9882,3.25387,48,28
Towdie_Screenshot.png,screenshot_game,11.3932,38.7379,23.9999,26.9258,36.3058,166,51
Ankh_Grim.png,screenshot_game,1.21435,1.04645,0.369545,0.950005,1.02088,530,406
Cree.png,screenshot_game,1.13488,0.981798,0.433125,0.959602,1.01291,647,488
Disim_tutorial_04.png,screenshot_game,1.55243,1.36005,0.69,1.23577,1.33954,461,346
Solarus_Sample_quest_on_Windows.png,screenshot_game,9.84775,19.14,4.04106,9.44859,12.1971,100,49
Abyss_scratch_3.0.png,screenshot_game,11.7432,211.634,55.5425,196.093,219.39,28,3
Heartlight.png,screenshot_game,2.14921,1.8366,0.256557,0.88441,1.08308,88,70
Orwell_video_game_screenshot_10.png,screenshot_game,1.66984,1.45467,0.381106,1.11538,1.24824,1000,751
Cuyo.png,screenshot_game,3.50197,3.8284,1.3596,3.30525,3.58225,100,61
Simple_Simon_Solitiare_PySolFC_100.png,screenshot_game,1.37773,1.19529,0.339025,1.01474,1.10794,1146,699
Neverball_Gameplay_Screenshot_11.png,screenshot_game,2.75562,2.49626,0.473325,1.70013,1.96913,750,516
Dstroy.png,screenshot_game,10.7085,22.6664,7.5586,20.1168,25.6445,53,20
Xjump.png,screenshot_game,7.35783,3.40278,0.741896,2.89057,3.80374,246,160
SpellTower_screenshot_-_PuzzleMode-Lose_1.png,screenshot_game,5.53062,6.88391,1.81608,3.33755,4.15018,872,549
TMW_Screenshot_15.png,screenshot_game,1.24754,1.06769,0.377172,0.938171,1.01945,641,498
Minetest_LazyJ%27s_Forge_in_the_evening.png,screenshot_game,1.98414,1.80484,0.493925,1.39501,1.55604,781,582
Frotz_ifiction.png,screenshot_game,5.66864,6.85639,2.07059,6.56882,7.23892,108,55
Monaco_What%27s_Yours_Is_Mine_-_Screenshot_1_(Spotted).png,screenshot_game,1.57049,1.34167,0.331063,0.929168,1.06229,1156,897
Prune_video_game_screenshot_4.png,screenshot_game,1.42426,1.22009,0.284835,0.89541,1.00853,2814,2208
Hackmud_hacking.png,screenshot_game,1.20498,1.03766,0.311934,0.932892,1.00616,1257,974
Dark_Scavenger_screenshot_3.png,screenshot_game,1.50898,1.30283,0.439722,1.10673,1.21457,580,439
Briquolo.png,screenshot_game,0.967966,0.838493,0.636226,0.973551,0.986869,959,697
Dark_Scavenger_screenshot_2.png,screenshot_game,1.19435,1.03372,0.485182,1.04192,1.09575,619,435
Blek_-_Level_2_screenshot.png,screenshot_game,2.3028,1.58692,0.301757,0.813122,1.01492,1303,1048
Temporal_game_screenshot.png,screenshot_game,11.5232,55.5437,11.4684,14.5332,19.9676,178,64
Prune_video_game_screenshot_5.png,screenshot_game,1.15332,0.995754,0.452636,0.978544,1.03502,2281,1765
Job_Simulator_screenshot_-_Office_02.png,screenshot_game,1.90661,1.68427,0.433377,1.24359,1.40459,885,658
Klondike_(solitare).png,screenshot_game,1.741,1.5534,0.673089,1.57572,1.66883,203,143
Battalen-screen.png,screenshot_game,3.60587,3.97106,2.01583,4.18334,4.31451,20,10
Broforce_miniboss.png,screenshot_game,4.82463,5.69702,1.67091,4.90931,5.40889,340,193
SpellTower_screenshot_-_NightColors.png,screenshot_game,5.90836,7.70623,2.84345,4.06719,5.00214,751,446
Everything_screenshot_03.png,screenshot_game,2.13708,1.88067,0.503701,1.31446,1.51299,828,611
Jb_snapshot_3.png,screenshot_game,4.11355,4.46061,1.31132,3.51562,3.93927,36,21
CRITICAL_HIT!!.png,screenshot_game,10.9021,35.0118,10.6926,32.4291,39.5703,42,10
Neverball_Gameplay_Screenshot_10.png,screenshot_game,1.67436,1.47197,0.432014,1.20409,1.33057,871,647
DeSmuME_0.9.11_emulating_Diamond_Trust_of_London_on_macOS_High_Sierra.png,screenshot_game,3.73414,3.95958,1.09728,3.30184,3.64137,117,73
Sintel_The_Game_Docks.png,screenshot_game,1.1267,0.973547,0.413495,0.984948,1.03411,1042,801
Crack_Attack!_ingame.png,screenshot_game,3.5334,3.70804,1.52849,3.50853,3.78164,235,143
Alto%27s_Adventure_screenshot_-_B08_Forest_Dawn.png,screenshot_game,5.346,5.3739,0.995472,2.42636,3.06085,523,353
Epistory07.png,screenshot_game,1.10222,0.955025,0.475493,0.975046,1.01962,984,744
MEMPTR_Snake.png,screenshot_game,11.7014,69.5705,42.8283,66.2831,82.9971,14,2
Hanlons_Razor_(Hanlon%27s_Razor)_HRAZOR_Menu_Screen.png,screenshot_game,8.05531,14.2361,3.25719,11.7554,13.5515,289,119
SpellTower_screenshot_-_VsPlayer2.png,screenshot_game,5.41133,6.14192,1.06111,2.18709,2.82183,475,323
Blek_-_Level_3_screenshot.png,screenshot_game,2.6125,1.80558,0.356152,0.986067,1.22629,1076,844
CompliKATEd_screenshot_2.png,screenshot_game,1.37336,1.15736,0.406952,1.02631,1.12103,993,756
Sn%C3%ADmek_obrazovky_2021-09-19_v_13.06.08.png,screenshot_game,4.82473,5.84208,0.972091,3.15114,3.75286,25,13
Celeste_screenshot_08.png,screenshot_game,3.31999,3.07741,0.644483,2.165,2.50569,640,437
Darkelf_-_tituln%C3%AD_str%C3%A1nka.png,screenshot_game,2.07657,1.87629,0.492814,1.53614,1.70104,731,532
Alto%27s_Adventure_screenshot_-_B04_Quarter_Pipe.png,screenshot_game,3.9763,3.8578,0.691561,1.97919,2.4119,625,441
Trashmania_2.png,screenshot_game,11.978,176.794,216.49,383.27,462.385,43,5
Terracota_-_Mapa_inicial.png,screenshot_game,1.22304,1.06393,0.415542,1.03181,1.09285,992,746
Htdamg_affinity.png,screenshot_game,2.45331,2.24106,0.514544,1.58953,1.81381,215,154
Prune_video_game_screenshot_1.png,screenshot_game,1.06309,0.924454,0.646626,1.04061,1.06382,1990,1545
Xlogical.png,screenshot_game,2.00937,1.84685,0.466818,1.50641,1.6576,548,304
Euchreshot1.png,screenshot_game,11.894,81.8265,66.4962,75,95.4545,11,2
SvsL_01.png,screenshot_game,2.87725,2.45304,1.46297,3.15264,3.25523,107,63
Dark_Scavenger_screenshot_6.png,screenshot_game,1.18166,1.02036,0.42388,0.989726,1.04901,601,455
Minetest_LazyJ%27s_Forge_in_survival_mode.png,screenshot_game,1.46097,1.31972,1.00707,1.50978,1.537,650,459
Monaco_What%27s_Yours_Is_Mine_-_Screenshot_6_(Character_Selection).png,screenshot_game,5.0869,5.82894,2.13434,5.85892,6.36806,316,165
Rain_World_screenshot_-_Shoreline_1.png,screenshot_game,2.26061,2.09746,0.66511,1.83573,1.99736,639,454
Job_Simulator_screenshot_-_Constore_02.png,screenshot_game,1.65979,1.47225,0.464776,1.2455,1.364,884,651
Rain_World_screenshot_-_2016-05-31_16_46_49_progress.png,screenshot_game,1.5048,1.25539,0.331041,0.927946,1.05295,1106,845
Mode_7_Test-0000.png,screenshot_game,11.2786,56.5203,19.3506,62.1587,75.0822,170,44
Trashmania_3.png,screenshot_game,11.9737,158.6,196.623,359.679,436.364,43,5
Celeste_screenshot_09.png,screenshot_game,3.35027,3.09195,0.624474,2.13327,2.48005,651,459
20XX_Menu_picture.png,screenshot_game,2.63657,2.60216,1.07097,2.42831,2.59417,153,100
Interface-amour-sucre.png,screenshot_game,1.46406,1.27824,0.542884,1.19794,1.28517,745,543
CompliKATEd_screenshot_3.png,screenshot_game,1.38756,1.19202,0.42165,1.03447,1.13009,982,745
Blackwood_Crossing_August_reveal_screenshot_05_Island.png,screenshot_game,1.26492,1.11417,0.744487,1.18526,1.23425,847,601
Terracota_-_Jogo_menina.png,screenshot_game,1.87182,1.67804,0.560783,1.42699,1.56425,754,552
Tacoma_ConferenceRoom.png,screenshot_game,1.88458,1.66386,0.468721,1.20639,1.37113,888,661
SpellTower_screenshot_-_RushMode.png,screenshot_game,7.59669,11.2328,0.998079,3.24966,4.33119,309,194
OpenBVEStartScreen.png,screenshot_game,7.56456,12.8339,3.31297,11.329,12.7426,177,77
Alto%27s_Adventure_screenshot_-_B00_Kicker.png,screenshot_game,4.41785,4.50424,0.877877,2.53344,3.04899,532,358
Blek_-_Level_4_screenshot.png,screenshot_game,2.65008,1.87931,0.365057,1.01365,1.25887,1050,828
Wurfel_Engine_screenshot.png,screenshot_game,0.969654,0.839577,0.57382,0.9596,0.976349,897,696
Screenshot_of_the_Ultima_Ratio_Regum_version_0.7.0._taken_in_2015.png,screenshot_game,11.2374,23.1981,11.6988,16.8197,22.4754,172,62
CompliKATEd_screenshot_1.png,screenshot_game,1.37028,1.1715,0.425949,1.04357,1.13474,977,738
SpellTower_screenshot_-_VsPlayer1.png,screenshot_game,5.26093,5.90053,0.816949,2.13154,2.75297,501,347
Broforce_on_the_helicopter.png,screenshot_game,2.83216,2.7501,0.942919,2.48786,2.6937,516,341
Trek73_video_game_screenshot.png,screenshot_game,11.7564,44.2142,23.9171,20.6031,28.4866,50,15
Evacshelter_b.png,screenshot_game,10.4291,6.70508,3.4693,4.32043,5.96644,5,2
Prune_video_game_screenshot_2.png,screenshot_game,0.990924,0.859863,0.645039,0.99533,1.0099,2025,1594
Broforce_parachute_mooks.png,screenshot_game,2.87704,2.78325,0.862518,2.41945,2.64586,528,426
Speedway-Joyce_Weisbecker.png,screenshot_game,10.9217,41.1966,11.8491,34.4911,41.4558,52,13
Euchreshot2.png,screenshot_game,11.8772,78.4894,63.1208,70.2929,89.5204,13,2
Letterpress_previous_games_screenshot.png,screenshot_game,8.28913,19.2819,6.82766,17.0846,18.7369,189,55
PioneerSpaceSim_screenshot.png,screenshot_game,2.49144,1.89787,0.4901,1.31164,1.55786,625,456
Dark_Scavenger_screenshot_5.png,screenshot_game,1.1779,1.01477,0.475821,1.00525,1.06263,616,446
Dark_Scavenger_screenshot_4.png,screenshot_game,1.48227,1.27958,0.421152,1.10431,1.20758,576,435
Rain_World_screenshot_-_Shoreline_2.png,screenshot_game,3.42457,3.66851,1.24165,3.27236,3.5344,402,253
Euchreshot3.png,screenshot_game,11.894,81.4545,64.4553,66.9323,86.0068,13,2
Meritous-automap.png,screenshot_game,9.3945,12.4985,2.91181,10.1632,12.5408,102,48
Job_Simulator_screenshot_-_Constore_01.png,screenshot_game,1.68827,1.49483,0.46428,1.26571,1.38689,870,640
Sn%C3%ADmek_obrazovky_2021-09-05_v_14.06.43.png,screenshot_game,8.13084,18.7094,4.6202,11.862,13.6874,22,44
Rail_Route_%E2%80%94_Logo-black.png,screenshot_game,11.5241,150.142,26.4713,91.5943,109.89,108,17
Minetest_LazyJ%27s_Forge_at_dusk.png,screenshot_game,1.79122,1.62014,0.488825,1.34642,1.47644,790,579
Prune_video_game_screenshot_3.png,screenshot_game,1.94845,1.67699,0.629815,1.38059,1.54163,1751,1307
Rail_Route_%E2%80%94_Editor.png,screenshot_game,1.81804,1.60758,0.510739,1.40919,1.53568,767,554
Bankai.png,screenshot_game,2.87324,2.25047,0.666293,1.83732,2.10967,467,325
Job_Simulator_screenshot_-_Hero_convenience.png,screenshot_game,1.98106,1.66877,0.478107,1.22163,1.40106,876,648
EmpireOriginal.png,screenshot_game,9.94453,8.53921,3.84641,7.79589,10.3482,77,39
Absolver_screenshot_Help.png,screenshot_game,1.05785,0.913782,0.394442,0.908012,0.954489,1068,809
Rain_World_screenshot_-_Sky_Islands_1.png,screenshot_game,1.62685,1.45944,0.65304,1.46223,1.53845,728,537
Glenn_Wichman_Toxic_ravine.png,screenshot_game,2.05654,1.91669,0.551732,1.66246,1.79528,35,25
Smiler_in_Arrowe_Land.png,screenshot_game,11.7061,51.237,20.9471,19.7938,27.1059,16,4
Scourge_character_creation.png,screenshot_game,1.41263,1.21255,0.258745,0.904684,1.01411,306,236
Tacoma_CrewMeeting.png,screenshot_game,1.42965,1.25101,0.458559,1.08738,1.18395,945,712
Alto%27s_Adventure_screenshot_-_A06_Forest.png,screenshot_game,1.41674,1.17503,0.289391,0.843751,0.96054,1202,955
Rca_studio2_bowling_ss.png,screenshot_game,11.9827,270.355,291.427,636.148,673.569,21,2
Prune_screenshot_wide.png,screenshot_game,1.21071,1.05541,0.575693,1.13399,1.17248,654,492
Alto%27s_Adventure_screenshot_-_A03_Sunrise.png,screenshot_game,6.3152,7.32549,1.25677,2.57029,3.32523,477,320
Fullscore5-1.png,screenshot_game,3.20444,3.18001,0.982494,3.03707,3.25579,54,31
This_Is_the_Police_-_Screenshot_02.png,screenshot_game,3.31676,3.22737,0.876126,2.39936,2.73036,520,349
Ambient_lights_cube_engine.png,screenshot_game,1.16285,1.01095,0.518174,1.06761,1.10968,2369,1790
Push_Me_Pull_You_screenshot_07.png,screenshot_game,7.36217,13.7762,4.3561,10.5537,11.856,204,87
Blackwood_Crossing_August_reveal_screenshot_04_Planetarium.png,screenshot_game,0.997959,0.863463,0.510549,0.946615,0.972423,985,754
Cibele_video_game_screenshot_3.png,screenshot_game,1.50722,1.34378,0.590246,1.33252,1.40592,749,539
Neverball_Gameplay_Screenshot_7.png,screenshot_game,1.86454,1.70085,0.70433,1.61625,1.72341,679,474
Alto%27s_Adventure_screenshot_-_B07_Island.png,screenshot_game,4.27521,4.2528,0.718996,2.07757,2.55539,592,411
WorldWar3Preview.png,screenshot_game,1.13008,0.973089,0.776976,1.13196,1.15219,326,255
Neverball_Kursauswahl.png,screenshot_game,3.17622,3.13758,0.992545,2.51779,2.81616,498,374
Hwscreen.png,screenshot_game,2.61147,2.32499,0.558414,1.6555,1.9013,431,283
KNetWalk.png,screenshot_game,3.70209,3.48632,0.777255,1.98718,2.3944,167,113
KAtomicScreenShot.png,screenshot_game,3.86847,3.92686,0.894973,2.50903,2.95207,201,133
Orwell_video_game_screenshot_6.png,screenshot_game,2.27272,2.0665,0.6191,1.70674,1.89254,705,483
Threes_development_process_art_mockup_16.png,screenshot_game,9.70882,25.299,4.37069,14.6476,18.2531,139,52
Threes_development_process_art_mockup_02.png,screenshot_game,11.1937,87.1031,13.749,48.8368,60.2589,107,24
Samba_of_the_Wolves_Wiley.png,screenshot_game,1.19381,1.03955,0.395659,1.00504,1.0635,349,272
Rain_World_screenshot_-_Line_Farms_2.png,screenshot_game,1.89402,1.74989,0.802744,1.73625,1.82914,614,445
PerOxydScreenshot.png,screenshot_game,1.80466,1.41374,0.312216,0.928023,1.09133,332,260
EmpireOpenSource_windowless.png,screenshot_game,9.30973,11.3099,3.07732,9.1639,11.7502,57,27
Threes_development_process_art_mockup_03.png,screenshot_game,10.5215,50.3125,9.13607,24.8732,30.8744,120,35
Threes_development_process_art_mockup_17.png,screenshot_game,10.2336,42.5912,6.22043,21.8772,26.9647,123,40
Chasing_Aurora_screenshot_09_(Wii_U).png,screenshot_game,2.21324,1.93352,0.610403,1.58058,1.76728,720,516
Chasing_Aurora_screenshot_10_(Chase).png,screenshot_game,3.26893,3.29039,1.04903,2.72004,3.01347,459,303
Scourge_character_information.png,screenshot_game,1.38384,1.18944,0.297655,0.977343,1.07661,533,405
Orwell_video_game_screenshot_7.png,screenshot_game,1.87649,1.65522,0.520768,1.32002,1.47225,834,612
Rouge-game.png,screenshot_game,10.0128,5.48444,2.59262,2.75147,3.83178,108,72
SaoriFKiss002.png,screenshot_game,1.864,1.70396,0.602545,1.56028,1.67537,434,309
Tooth_and_Tail_-_Development_4.png,screenshot_game,1.57994,1.40281,0.549465,1.30085,1.39391,828,720
Alto%27s_Adventure_screenshot_-_A04_Ice.png,screenshot_game,4.11517,4.09312,0.814665,2.13713,2.59635,598,402
Neverball_Gameplay_Screenshot_6.png,screenshot_game,1.61367,1.43993,0.603968,1.27717,1.38384,809,584
Cibele_video_game_screenshot_2.png,screenshot_game,1.49849,1.27663,0.435158,0.987662,1.11007,1012,764
Cw3.png,screenshot_game,5.6836,5.45222,1.35514,3.14506,3.88629,458,270
Push_Me_Pull_You_screenshot_06.png,screenshot_game,5.07017,6.61785,1.99786,5.05946,5.64901,302,170
Chasing_Aurora_screenshot_08_(Thorn).png,screenshot_game,2.32596,1.98077,0.749131,1.58823,1.80204,682,494
Kikinanobot.png,screenshot_game,8.57003,14.2997,2.97513,4.03179,5.39297,304,180
This_Is_the_Police_-_Screenshot_03.png,screenshot_game,4.63392,4.8694,1.19258,3.42463,3.99474,416,259
Core_War_PMars_Screenshot.png,screenshot_game,10.4357,8.98765,4.78439,7.65028,10.3331,22,11
Pang_Zero.png,screenshot_game,5.55184,4.09354,1.09496,2.10286,2.71695,320,223
This_Is_the_Police_-_Screenshot_01.png,screenshot_game,2.70524,2.63432,0.83895,2.11577,2.34129,548,388
KSpaceDuel1.1.png,screenshot_game,10.0969,32.5171,8.94046,25.3959,30.5292,111,30
Push_Me_Pull_You_screenshot_04.png,screenshot_game,7.69295,15.341,4.62518,11.2733,12.7938,199,83
Push_Me_Pull_You_screenshot_10.png,screenshot_game,3.36318,3.53365,1.32072,3.07824,3.34875,421,269
HDX_Screenshot.png,screenshot_game,1.17476,1.03918,1.01589,1.25707,1.26335,1014,769
Openciv-0.95.png,screenshot_game,2.68474,2.39608,0.622855,1.57225,1.83825,370,265
Chasing_Aurora_screenshot_11_(Freeze).png,screenshot_game,2.42037,2.10521,0.501826,1.41825,1.64783,800,590
Neverball_Gameplay_Screenshot_4.png,screenshot_game,1.21267,1.05755,0.566315,1.13645,1.17569,846,673
Rain_World_screenshot_-_subway.png,screenshot_game,7.01695,7.70485,1.0775,2.42123,3.20181,471,311
Kye.png,screenshot_game,5.13126,4.87715,1.05234,3.91705,4.58227,89,53
Flinthook_screenshot_-_Pax_tutorial.png,screenshot_game,2.65033,2.4593,0.768768,2.20513,2.4024,600,399
Project_Starfighter.png,screenshot_game,8.4943,12.8554,3.20258,4.44704,5.85091,150,86
Hackmud_patching.png,screenshot_game,1.33504,1.14699,0.275099,0.903724,1.00286,1306,1002
Freedom_Planet_Cutscene.png,screenshot_game,9.31193,13.126,2.70374,6.63968,8.70399,156,87
Moria-like-game.png,screenshot_game,11.278,14.514,7.68029,8.10289,11.1752,10,4
Threes_development_process_art_mockup_01.png,screenshot_game,11.6381,172.391,32.9716,103.458,128.249,98,16
Threes_development_process_art_mockup_15.png,screenshot_game,9.05162,22.0207,3.42051,12.2615,15.0245,147,62
Blek_screenshot_collection_4.png,screenshot_game,6.36303,3.18996,1.31613,1.67754,2.26536,762,564
Rain_World_screenshot_-_Shorelne_4.png,screenshot_game,4.03107,4.38638,1.24373,3.57604,3.97316,423,247
Absolver_screenshot_Forest.png,screenshot_game,1.16185,0.990609,0.362926,0.883845,0.956029,1107,854
Dnd8won.png,screenshot_game,11.0479,31.8265,16.4142,18.6588,24.3991,54,18
Threes_development_process_art_mockup_14.png,screenshot_game,10.8439,61.3551,9.92798,30.7026,38.3712,116,30
Minetest_LazyJ%27s_Forge_with_creative_inventory_opened.png,screenshot_game,1.90441,1.74016,0.688324,1.67007,1.77578,653,465
Trainyard_game_-_prototype_screenshot_dated_2009_May.png,screenshot_game,1.39008,1.21739,0.603591,1.28614,1.3433,135,98
Orwell_video_game_screenshot_4.png,screenshot_game,2.47099,2.22429,0.681357,1.9304,2.13291,649,445
Minetest_high-res_texture_pack_2.png,screenshot_game,1.17431,1.01963,0.418338,0.982285,1.04091,747,579
Antimage.png,screenshot_game,6.21328,5.94277,1.52907,5.47751,6.34378,263,152
Neverball_Gameplay_Screenshot_5.png,screenshot_game,3.10468,2.97187,0.638635,1.7842,2.10587,651,470
Cw0.png,screenshot_game,3.87087,3.52358,0.779039,2.39202,2.82019,541,358
Battle_for_Mandicor_0.0.5.png,screenshot_game,3.66182,1.65576,0.469024,1.13708,1.46997,948,667
Cibele_video_game_screenshot_1.png,screenshot_game,1.19196,1.02121,0.3491,0.903871,0.977873,1084,842
Cyclops-cover.png,screenshot_game,2.00002,1.76568,0.491621,1.42796,1.59044,793,571
DRAGON32_Shock_Trooper_1Titles.png,screenshot_game,11.2902,14.8388,8.96417,18.8837,25.743,68,25
Push_Me_Pull_You_screenshot_05.png,screenshot_game,8.74398,22.4671,5.17449,16.2385,18.5479,182,68
Thrust_Title.png,screenshot_game,11.5717,27.739,17.7733,42.6036,52.0661,16,3
Lbreakout2.png,screenshot_game,1.00349,0.868854,0.477578,0.948093,0.974434,351,272
Labyrinth_for_Sword_of_Fargoal_%22Sword_Level%22.png,screenshot_game,1.85894,1.74253,1.02596,1.93276,1.98171,514,359
Alto%27s_Adventure_screenshot_-_B02_Village.png,screenshot_game,4.76866,5.07958,1.11578,2.49017,3.06292,500,333
Nuclear_Throne_screenshot_09.png,screenshot_game,3.10817,3.12561,0.940858,2.6315,2.88811,502,323
LastBattleForceRates.png,screenshot_game,11.4218,19.9587,11.3053,12.0628,16.5458,52,20
Push_Me_Pull_You_screenshot_01.png,screenshot_game,8.00286,17.6361,4.68331,12.8547,14.5872,191,76
CityBattle_Virtual_Earth_Screenshot1.png,screenshot_game,1.07878,0.932618,0.43139,0.933546,0.980223,1043,796
This_Is_the_Police_-_Screenshot_04.png,screenshot_game,4.4266,4.84915,1.22217,3.44536,3.96256,405,253
This_Is_the_Police_-_Screenshot_10.png,screenshot_game,3.39381,3.41459,0.971194,2.60611,2.93678,490,324
Absolver_screenshot_Fight02.png,screenshot_game,1.04156,0.898908,0.432671,0.919942,0.961157,1047,786
Job_Simulator_screenshot_-_Auto_01.png,screenshot_game,1.90738,1.73092,0.598317,1.4903,1.62543,756,539
Evacshelter.png,screenshot_game,10.8851,9.63343,5.21428,7.15825,9.79944,11,4
Neverball_Gameplay_Screenshot_1.png,screenshot_game,1.48155,1.29583,0.548659,1.28502,1.36005,803,597
FooBillard_3.0a_on_Linux_sshot20040807.png,screenshot_game,3.27161,3.03066,0.61194,1.61962,1.96249,411,294
Clonk-Endeavour-4.9.5.4-deutsch-screen.png,screenshot_game,2.21043,1.49441,0.333215,0.851833,1.05171,1023,823
BananaDash2.png,screenshot_game,8.86768,22.5805,3.68357,11.7592,14.2245,54,21
Tooth_and_Tail_-_Development_3.png,screenshot_game,1.42914,1.24506,0.391157,1.03603,1.13557,996,771
Score4ForbiddenPost.png,screenshot_game,10.1429,32.6608,9.27118,10.9286,14.1948,55,23
Noctis_Screenshot.png,screenshot_game,3.57411,3.05013,0.489093,1.65757,2.02216,169,124
Gang_Garrison_2.png,screenshot_game,11.7531,88.8149,28.7592,58.6176,74.7198,84,19
Jump_%27n_Bump.png,screenshot_game,9.22273,18.2018,2.69336,5.54673,7.31272,150,82
Job_Simulator_screenshot_-_Fun_01.png,screenshot_game,1.77031,1.58499,0.508317,1.34028,1.46717,831,608
PySolFC-Bakers-Deal-No-2-Midst-of-Solving-by-fc-solve-with-gi-preset.png,screenshot_game,1.43115,1.24018,0.329796,1.03863,1.13794,517,389
Threes_development_process_art_mockup_04.png,screenshot_game,11.2781,103.097,15.8429,55.3414,68.297,104,22
BioRust_Screenshot_02.png,screenshot_game,1.45736,1.25644,0.367972,0.973407,1.08794,1126,795
Threes_development_process_art_mockup_10.png,screenshot_game,8.82353,20.1565,2.93516,9.61673,11.9916,164,75
Konquest.png,screenshot_game,7.79076,11.781,3.90577,12.4004,13.8613,118,51
Trainyard_game_-_Machine_Gun_level_screenshot.png,screenshot_game,3.05546,2.74271,0.979577,2.6489,2.89473,399,258
Star_Trek_text_game.png,screenshot_game,11.605,64.8628,34.7259,46.9438,60.7608,28,5
Tacoma_StationExterior.png,screenshot_game,1.5543,1.34628,0.38224,1.02976,1.15423,1021,782
Threes_development_process_art_mockup_11.png,screenshot_game,8.90572,21.6785,3.19693,10.1759,12.6323,157,69
BioRust_Screenshot_03.png,screenshot_game,2.04857,1.80322,0.451152,1.14855,1.33847,968,699
Threes_development_process_art_mockup_05.png,screenshot_game,10.8828,67.5505,10.2138,34.9276,43.2189,112,29
Volcano.png,screenshot_game,10.7508,27.442,7.60431,15.5597,20.5329,76,29
Orwell_video_game_screenshot_1.png,screenshot_game,2.23719,2.00715,0.694849,1.84777,2.00969,667,455
Mapperkmud.png,screenshot_game,9.88051,14.9049,3.7413,10.3901,13.3192,168,75
Tooth_and_Tail_-_Development_2.png,screenshot_game,2.35875,2.16276,0.480334,1.43676,1.6536,797,580
Behaviour_Tree.png,screenshot_game,2.99128,2.78089,0.793939,2.54099,2.78752,560,348
Rudo.png,screenshot_game,0.967822,0.838022,0.608994,0.96011,0.975847,580,433
Kiki_the_nano_bot_screenshot.png,screenshot_game,8.81656,13.7061,1.78321,4.22315,5.5938,205,122
Absolver_screenshot_Fight03.png,screenshot_game,0.987451,0.854474,0.501308,0.942542,0.966463,993,752
This_Is_the_Police_-_Screenshot_11.png,screenshot_game,5.38877,7.17461,1.96403,5.98853,6.62262,278,149
This_Is_the_Police_-_Screenshot_05.png,screenshot_game,3.29764,3.20856,0.786659,2.26836,2.60417,542,368
EmpireOpenSource.png,screenshot_game,8.34917,9.52966,2.14594,7.47007,9.31204,81,40
Nuclear_Throne_screenshot_08.png,screenshot_game,4.29261,4.8825,1.37179,3.8494,4.2955,369,225
A_House_in_California.png,screenshot_game,9.59794,22.7311,5.64857,21.2353,24.5388,171,59
Jumper_platformer.png,screenshot_game,10.493,32.8648,9.26906,8.7952,11.8038,70,31
ADR1FT_gameplay_screenshot.png,screenshot_game,1.21279,1.04722,0.442422,1.03629,1.09506,858,648
CityBattle_Virtual_Earth_Screenshot2.png,screenshot_game,1.30366,1.12901,0.403431,1.03725,1.11401,1006,760
Push_Me_Pull_You_screenshot_02.png,screenshot_game,8.59332,21.824,5.6606,15.5056,17.6902,182,67
Absolver_screenshot_Fight01.png,screenshot_game,1.04853,0.905948,0.397898,0.908121,0.952735,1083,816
Contraption_8.png,screenshot_game,3.31127,3.32692,0.809745,2.38177,2.7158,522,367
This_Is_the_Police_-_Screenshot_07.png,screenshot_game,3.0121,2.86509,0.703142,1.9974,2.29429,588,412
Interstellar_Force_Lost_in_8-Bit_space_(5455466752).png,screenshot_game,1.01285,0.875991,0.404632,0.925974,0.96723,168,127
Job_Simulator_screenshot_-_Auto_02.png,screenshot_game,1.8287,1.64197,0.540948,1.38227,1.51533,795,578
Actsmudwintinnet.png,screenshot_game,9.97763,16.7393,6.74988,12.6234,15.9841,75,30
KGoldrunner_game_in_progress.png,screenshot_game,8.07616,10.6851,2.17305,9.54944,11.3066,265,124
Neverball_Gameplay_Screenshot_2.png,screenshot_game,1.39758,1.22395,0.566748,1.25646,1.31692,807,599
Monaco_What%27s_Yours_Is_Mine_-_Screenshot_5_(Hacking_the_Embassy).png,screenshot_game,1.52018,1.2763,0.320365,0.938958,1.06439,1244,959
Rail_Route_%E2%80%94_Header-image.png,screenshot_game,1.02543,0.887765,0.519801,0.977442,1.00297,531,399
Job_Simulator_screenshot_-_Fun_02.png,screenshot_game,2.05739,1.81134,0.486692,1.2688,1.45192,860,636
Orwell_video_game_screenshot_3.png,screenshot_game,2.5806,2.3737,0.812455,2.19171,2.3871,579,385
Trainspotting.png,screenshot_game,8.81683,8.39537,3.65875,3.70109,4.94154,22,12
Blek_screenshot_collection_2.png,screenshot_game,7.39665,4.06365,1.69449,1.89565,2.59666,657,480
BioRust_Screenshot_01.png,screenshot_game,0.935406,0.810536,0.79686,0.98435,0.987842,831,647
Threes_development_process_art_mockup_13.png,screenshot_game,9.64784,29.9041,5.47994,13.5023,17.0062,141,55
Threes_development_process_art_mockup_07.png,screenshot_game,9.33701,23.7745,3.81774,12.2965,15.3253,143,57
Trainyard_game_-_Cooksville_Creek_level_screenshot.png,screenshot_game,3.10069,2.78375,0.90722,2.54505,2.81401,414,268
Broforce_boss_rocket.png,screenshot_game,3.02578,2.91376,0.861081,2.53219,2.77775,535,349
Threes_development_process_art_mockup_06.png,screenshot_game,9.51476,26.0005,4.26767,14.4995,17.9803,140,52
Threes_development_process_art_mockup_12.png,screenshot_game,10.8977,68.7601,10.285,31.6125,39.6251,113,29
Thrust_InGame.png,screenshot_game,11.137,17.0764,9.16692,30.5732,37.4443,18,5
Blek_screenshot_collection_3.png,screenshot_game,6.36839,3.41678,1.37905,1.77484,2.38766,733,536
DayZ.png,screenshot_game,6.50194,9.67574,2.11007,7.15744,8.15187,40,19
Town_of_Xenon.png,screenshot_game,6.9683,5.85631,2.27273,3.16388,4.08385,108,68
Orwell_video_game_screenshot_2.png,screenshot_game,2.90486,2.67886,0.843629,2.39586,2.64303,554,364
B.A.L.L.Z.png,screenshot_game,9.5337,12.5617,4.02472,8.14409,10.5191,208,56
Tooth_and_Tail_-_Development_1.png,screenshot_game,1.34821,1.18853,0.470612,1.16648,1.23029,874,658
Benkid77_GoldenEgg.png,screenshot_game,11.6635,79.4551,42.2617,52.0325,67.0547,14,2
Neverball_Gameplay_Screenshot_3.png,screenshot_game,1.36765,1.19794,0.557669,1.24868,1.30358,802,595
Contraption_9.png,screenshot_game,2.84927,2.73109,0.897635,2.08077,2.35178,559,386
This_Is_the_Police_-_Screenshot_06.png,screenshot_game,3.5421,3.69299,0.872718,2.49384,2.86411,499,350
This_Is_the_Police_-_Screenshot_12.png,screenshot_game,2.55301,2.3932,0.702164,1.89521,2.11444,599,424
Push_Me_Pull_You_screenshot_03.png,screenshot_game,6.99543,12.4544,3.93055,9.53457,10.6676,214,96
Paku_Paku.png,screenshot_game,11.4946,28.788,17.26,35.0237,46.0101,53,16
Hundreds_(video_game)_-_Level_61.png,screenshot_game,2.24697,1.81338,0.292006,0.829902,1.02763,1200,952
Metamorphabet_screenshot_03.png,screenshot_game,2.22784,1.71255,0.365045,1.04277,1.25026,984,758
Neverputt_Gameplay_Screenshot_2.png,screenshot_game,3.99082,4.04514,1.21494,2.41107,2.87271,486,329
Pong.png,screenshot_game,11.8631,339.823,50.5634,278.746,346.487,71,8
Nuclear_Throne_screenshot_06.png,screenshot_game,2.15564,1.98836,0.645308,1.75563,1.9036,663,468
Crusader_Tetra.png,screenshot_game,5.03511,6.53638,2.36964,6.06519,6.39105,11,5
Muttsworldmine_Survival_spawn.png,screenshot_game,1.14638,0.99392,0.372465,0.951875,1.00964,775,609
Contraption_4.png,screenshot_game,3.96126,3.87397,0.904535,2.2845,2.73821,535,367
Cave_Troll_Level_Of_Sintel_The_Game.png,screenshot_game,1.14637,0.988316,0.33074,0.897886,0.963743,912,717
Severed_screenshot_04.png,screenshot_game,1.61967,1.41052,0.405972,1.15115,1.2727,992,725
SpellTower_screenshot_-_Tutorial.png,screenshot_game,5.34377,6.2604,1.64254,2.35521,3.00905,1009,703
Ai_dungeon_with_a_custom_setting.png,screenshot_game,9.77206,37.0903,17.3732,36.9449,39.4135,145,39
Flinthook_screenshot_-_Pax_square_5.png,screenshot_game,11.3701,43.5169,14.1744,35.8798,46.0918,139,41
Rain_World_screenshot_-_Underhang_1080.png,screenshot_game,2.01949,1.84726,0.626574,1.62584,1.76367,688,497
VideoOlympics.png,screenshot_game,11.9238,238.951,236.149,808.528,861.893,141,18
Threes_development_process_art_mockup_23.png,screenshot_game,10.8022,55.6289,9.40026,32.4187,39.8788,116,32
Bethewumpus_screenshot.png,screenshot_game,11.8693,115.074,103.08,359.993,407.961,70,11
Monaco_What%27s_Yours_Is_Mine_-_Screenshot_4_(Casino_Heist).png,screenshot_game,1.34184,1.14576,0.310368,0.915139,1.01465,1280,976
Sopwith-screenshot.png,screenshot_game,11.8917,203.328,98.3171,190.273,235.215,42,5
Mini_Metro_screenshot_0.png,screenshot_game,2.45651,1.88984,0.3455,1.10444,1.33705,1003,765
Benkid77_SpaceWhale.png,screenshot_game,11.7014,52.4113,27.9807,43.3735,57.7154,14,3
Fragments_of_Him_-_Work_In_Progress_screenshot_3.png,screenshot_game,1.32687,1.14614,0.322562,0.935705,1.03043,1100,846
Mini_Metro_screenshot_1.png,screenshot_game,2.55226,1.9547,0.344696,1.0984,1.33956,993,763
American_Sammy_Corp.png,screenshot_game,4.87636,5.06555,1.63801,5.4584,5.86343,12,5
Neverputt_Titelbildschirm.png,screenshot_game,4.02003,4.40981,1.47673,3.68971,4.07633,374,230
Galak-Z_screenshot_-_floating_rhino.png,screenshot_game,1.03095,0.891282,0.477994,0.941424,0.976089,1003,748
Threes_development_process_art_mockup_22.png,screenshot_game,10.5722,50.5566,7.77802,26.7954,32.9991,119,35
Alchemistpic.png,screenshot_game,3.45322,3.02748,0.736804,2.51626,2.85102,386,253
Flinthook_screenshot_-_Pax_square_4.png,screenshot_game,11.463,47.3091,16.1127,53.5864,66.0884,128,35
Severed_screenshot_05.png,screenshot_game,1.5729,1.36114,0.417804,1.07389,1.19681,1023,829
Fantastic_Contraption_VR_screenshot_06.png,screenshot_game,2.80597,2.77145,0.860797,2.29371,2.52872,577,354
Monaco_What%27s_Yours_Is_Mine_-_Screenshot_2_(Lobby).png,screenshot_game,2.22311,2.02967,0.666231,1.82605,1.98705,679,463
SpellTower_screenshot_-_RushMode(2).png,screenshot_game,5.82062,7.36616,1.77529,3.24528,4.06795,866,550
Contraption_5.png,screenshot_game,2.62502,2.4925,0.774224,1.79778,2.04209,619,446
Dr._Langeskov_The_Tiger_and_The_Terribly_Cursed_Emerald_Screenshot_6.png,screenshot_game,1.89819,1.67095,0.471364,1.29162,1.4498,852,622
Lemonade_Stand_2.png,screenshot_game,11.5941,56.5077,33.1443,41.2692,54.3213,41,8
Job_Simulator_screenshot_-_Kitchen_01.png,screenshot_game,2.20928,2.05842,0.68578,1.62729,1.80601,738,490
Nuclear_Throne_screenshot_07.png,screenshot_game,3.3018,3.40696,1.05153,2.85552,3.13555,453,299
Neverputt_Gameplay_Screenshot_3.png,screenshot_game,2.93566,2.76732,1.00861,2.13254,2.41723,527,365
Metamorphabet_screenshot_02.png,screenshot_game,1.48635,1.26871,0.255769,0.84817,0.972498,1232,945
Neverputt_Gameplay_Screenshot_1.png,screenshot_game,3.387,3.15571,0.737353,1.82545,2.18665,631,448
Nuclear_Throne_screenshot_05.png,screenshot_game,2.68841,2.59308,0.750669,2.07879,2.30357,571,397
Dr._Langeskov_The_Tiger_and_The_Terribly_Cursed_Emerald_Screenshot_4.png,screenshot_game,1.30109,1.12545,0.352666,0.953418,1.04141,1109,830
This_Is_the_Police_-_Screenshot_08.png,screenshot_game,5.24039,6.48146,1.50304,4.74115,5.41705,340,196
Neverball_Sprachauswahl.png,screenshot_game,7.83988,10.533,1.98806,5.26384,6.61426,343,191
Contraption_7.png,screenshot_game,2.17463,1.99002,0.705143,1.49006,1.6858,701,510
Monaco_What%27s_Yours_Is_Mine_-_Screenshot_3_(The_Lookout_in_Action).png,screenshot_game,1.33207,1.13618,0.310135,0.911591,1.00972,1263,971
The_Bub%27s_Brothers.png,screenshot_game,7.90647,11.6849,2.48841,4.78593,6.11579,103,60
Frogatto.png,screenshot_game,8.69602,13.1099,2.65539,6.07272,7.85409,187,106
Fantastic_Contraption_VR_screenshot_04.png,screenshot_game,2.27269,2.12518,0.743896,1.77741,1.95434,626,449
Triplane_Turmoil_screenshot.png,screenshot_game,7.52381,8.74272,1.73229,3.75308,4.84995,27,16
ReCaged_project_version_0.7.0_preview_thumbnail.png,screenshot_game,10.8966,35.8352,5.95977,10.8135,14.6327,239,102
Royals_screenshot.png,screenshot_game,11.5459,34.8842,23.658,37.9897,49.4166,78,21
Threes_development_process_art_mockup_20.png,screenshot_game,9.88459,29.1651,4.76816,17.2905,21.2125,143,51
Broforce_landmine.png,screenshot_game,2.85213,2.74926,0.868738,2.40285,2.62496,539,358
Threes_development_process_art_mockup_08.png,screenshot_game,8.88923,19.374,3.12235,9.96335,12.4319,156,70
Job_Simulator_screenshot_-_Hero_kitchen.png,screenshot_game,3.22236,3.23809,0.962357,2.54106,2.85012,495,332
Mini_Metro_screenshot_3.png,screenshot_game,2.0734,1.65509,0.353693,1.06719,1.26004,1001,773
Broforce_boss_destructing.png,screenshot_game,2.72167,2.56343,0.801632,2.26593,2.47277,569,383
Fragments_of_Him_-_Work_In_Progress_screenshot_1.png,screenshot_game,2.25292,2.01912,0.519067,1.3822,1.59532,774,580
Alto%27s_Adventure_screenshot_-_A05_Night.png,screenshot_game,5.45791,5.5877,1.12318,3.0743,3.78887,459,293
Mini_Metro_screenshot_2.png,screenshot_game,2.38996,1.86635,0.345096,1.08413,1.30898,1010,779
Threes_development_process_art_mockup_09.png,screenshot_game,8.86358,18.7422,3.07707,9.91256,12.3569,159,71
Threes_development_process_art_mockup_21.png,screenshot_game,10.1619,38.8425,5.68004,19.7798,24.3835,129,46
PVEgen.png,screenshot_game,1.9832,1.81775,0.600719,1.53122,1.67513,467,355
Tutojob.png,screenshot_game,1.40654,1.2077,0.285399,0.955583,1.06136,465,356
Scourge_screenshot_r2315.png,screenshot_game,1.10044,0.952407,0.448087,0.976918,1.02077,951,736
FreeOrion-production.png,screenshot_game,5.11627,5.13672,1.74456,4.56955,5.22926,322,195
Fantastic_Contraption_VR_screenshot_05.png,screenshot_game,2.40597,2.29388,0.691949,1.82275,2.01953,619,441
Hundreds_(video_game)_-_Level_0.png,screenshot_game,2.2642,1.86962,0.278985,0.823549,1.02189,1221,960
Dre.png,screenshot_game,6.69666,8.40704,2.3265,6.30459,7.32824,25,11
This_Is_the_Police_-_Screenshot_09.png,screenshot_game,2.89109,2.69536,0.617898,1.76847,2.05557,651,467
Contraption_6.png,screenshot_game,2.51788,2.31359,0.718534,1.56433,1.81061,685,501
Chasing_Aurora_screenshot_12_(Freeze).png,screenshot_game,1.78262,1.5247,0.43561,1.14464,1.29413,935,707
Alto%27s_Adventure_screenshot_-_B11_Volcano.png,screenshot_game,5.99382,7.00215,1.39335,3.46445,4.30692,416,259
Dr._Langeskov_The_Tiger_and_The_Terribly_Cursed_Emerald_Screenshot_5.png,screenshot_game,1.37943,1.19743,0.42575,0.987729,1.08546,1009,782
Opentyrian_torm.png,screenshot_game,1.95356,1.65212,0.335385,1.09641,1.26773,94,70
Nuclear_Throne_screenshot_04.png,screenshot_game,2.787,2.64312,0.647813,2.01787,2.26489,687,423
Job_Simulator_screenshot_-_Kitchen_02.png,screenshot_game,2.07816,1.93017,0.712528,1.6457,1.79576,670,477
Lemonade_Stand_1.png,screenshot_game,11.4933,42.5057,26.2964,33.0661,43.4951,44,12
Nuclear_Throne_screenshot_10.png,screenshot_game,3.8561,4.13626,1.11912,3.24235,3.62239,424,270
Metamorphabet_screenshot_01.png,screenshot_game,2.54608,1.93934,0.336121,0.939213,1.16686,1087,848
Yoda_Soccer_screenshot.png,screenshot_game,3.43988,1.82216,0.431179,1.05089,1.35346,359,282
Dcss.0.21.webtiles.Elven-Halls.png,screenshot_game,1.86491,1.7338,0.989253,1.90149,1.9569,478,334
Metamorphabet_screenshot_05.png,screenshot_game,3.20783,2.34561,0.463111,1.1281,1.42384,914,693
Neverputt_Gameplay_Screenshot_4.png,screenshot_game,4.76521,4.41492,1.29486,2.68755,3.27546,460,300
Blackwood_Crossing_August_reveal_screenshot_03_Treehouse.png,screenshot_game,1.06659,0.925785,0.515731,0.984961,1.01932,1080,746
Contraption_2.png,screenshot_game,3.11314,3.11116,0.955258,2.25801,2.56139,539,373
BOSscreen.png,screenshot_game,1.83906,1.51809,0.3077,0.887526,1.05308,685,531
StationSnapshot2.png,screenshot_game,4.11654,4.38941,1.55932,4.18481,4.52804,282,168
Ten_tiles_on_weekly_no_tabs_full_res.png,screenshot_game,3.4405,3.56994,1.62923,3.47063,3.71064,256,159
Dr._Langeskov_The_Tiger_and_The_Terribly_Cursed_Emerald_Screenshot_1.png,screenshot_game,1.18562,1.02894,0.490327,1.02124,1.0768,979,739
TowerFall_Flight.png,screenshot_game,9.43927,16.6898,5.26459,16.5106,19.7253,195,83
Tile_World.png,screenshot_game,8.10409,11.2733,3.92079,12.8691,14.5253,101,42
Ayner.png,screenshot_game,1.18595,1.02318,0.408615,0.964036,1.02711,629,479
Blocks_on_ice_gameplay_1.png,screenshot_game,1.13608,0.985813,0.373508,0.964953,1.01647,194,147
Neverball_Gameplay_Screenshot_8.png,screenshot_game,1.74799,1.53873,0.560277,1.47585,1.57612,748,532
Severed_screenshot_02.png,screenshot_game,1.63769,1.41564,0.362293,1.03101,1.16603,1072,812
SolarWolf-splash.png,screenshot_game,3.75562,3.72622,0.922635,2.38409,2.80263,294,201
Fantastic_Contraption_VR_screenshot_01.png,screenshot_game,1.45961,1.29151,0.525406,1.23993,1.31707,826,615
Skrupel.png,screenshot_game,5.98872,7.23494,1.89394,6.19502,7.05524,299,156
GNU_bg_screenshot.png,screenshot_game,2.42853,2.18194,0.710348,1.98757,2.16822,805,556
Flinthook_screenshot_-_Pax_square_3.png,screenshot_game,11.2973,43.3031,13.6791,38.2455,48.4408,135,39
Turbo_Rubber_Ducky_Shootout.png,screenshot_game,11.654,62.2156,35.4155,39.9722,52.5547,14,2
Orwell_video_game_screenshot_9.png,screenshot_game,2.11397,1.86501,0.404558,1.25022,1.43892,917,678
Broforce_explosion.png,screenshot_game,2.93279,2.81968,0.869996,2.45784,2.69151,530,353
Threes_development_process_art_mockup_19.png,screenshot_game,9.69983,29.5738,4.49442,15.6519,19.2264,139,54
Rowlands_Challenge.png,screenshot_game,9.20529,18.6928,5.7873,16.4282,19.1951,136,52
Threes_development_process_art_mockup_25.png,screenshot_game,10.0379,34.3203,5.37715,18.8833,23.2012,132,47
Supertux-checkpoint.png,screenshot_game,1.6752,1.47717,0.813271,1.6287,1.68777,388,272
Maelstrom_screenshot.png,screenshot_game,11.5057,95.2477,27.2787,66.3948,82.8868,51,9
Fragments_of_Him_-_Work_In_Progress_screenshot_5.png,screenshot_game,1.62342,1.38831,0.297341,0.950671,1.09004,1114,869
AssaultCube_screenshot.png,screenshot_game,1.08221,0.938054,0.465315,0.976761,1.01607,1018,765
One_Hour_One_Life_Screenshot.png,screenshot_game,0.942491,0.81661,0.767271,0.981744,0.987588,935,693
Neverball_Pausenmen%C3%BC.png,screenshot_game,1.42638,1.24537,0.45921,1.20224,1.27936,889,654
Fragments_of_Him_-_Work_In_Progress_screenshot_4.png,screenshot_game,1.92112,1.65778,0.363343,1.05435,1.22894,999,766
Chasing_Aurora_screenshot_07_(Wii_U).png,screenshot_game,2.1021,1.85422,0.566909,1.57194,1.73798,742,523
Threes_development_process_art_mockup_24.png,screenshot_game,10.7815,55.903,9.2817,32.0311,39.3678,115,31
Threes_development_process_art_mockup_18.png,screenshot_game,9.89946,32.3188,5.04148,17.3038,21.285,135,49
Blackwood_Crossing_August_reveal_screenshot_02_Train.png,screenshot_game,1.07451,0.930462,0.511866,0.973452,1.01349,1069,752
Sn%C3%ADmek_obrazovky_2021-09-24_v_18.07.06.png,screenshot_game,9.79269,37.0645,6.90493,16.7771,20.9447,20,5
EnigmaScreenshot.png,screenshot_game,1.96928,1.54416,0.345709,1.13209,1.30983,356,266
Flinthook_screenshot_-_Pax_square_2.png,screenshot_game,10.7479,26.9693,7.04982,21.6085,27.2789,162,60
Severed_screenshot_03.png,screenshot_game,2.16301,1.88761,0.405607,1.23731,1.43706,929,688
Mari0_Online_Multiplayer_Co-op_screenshot.png,screenshot_game,2.20721,1.99993,0.648039,1.92968,2.06588,642,434
Neverball_Gameplay_Screenshot_9.png,screenshot_game,1.77139,1.54616,0.516,1.45584,1.56702,768,557
Trainyard_game_-_Quaddy_prototype_screenshot.png,screenshot_game,1.68779,1.47892,0.415675,1.14072,1.29412,170,125
Flinthook_screenshot_-_Pax_worm.png,screenshot_game,2.75895,2.53915,0.888162,2.45967,2.6478,554,367
Push_Me_Pull_You_screenshot_09.png,screenshot_game,7.20723,13.0482,3.79988,9.73168,10.9784,218,99
Dungeon_crawl_stone_soup.png,screenshot_game,3.85592,4.37127,1.75632,4.32382,4.56083,149,88
Contraption_3.png,screenshot_game,1.93844,1.76764,0.659879,1.60784,1.7334,664,476
Metamorphabet_screenshot_04.png,screenshot_game,5.78293,4.42801,1.10746,1.84776,2.4154,576,419
Broforce_boss_fight.png,screenshot_game,2.53763,2.36443,0.761831,2.12429,2.30797,589,404
CRIM_%E6%AD%A6%E5%99%A8NPC%E5%9C%96.png,screenshot_game,3.15434,3.21894,0.720144,2.37873,2.67472,406,277
Nuclear_Throne_screenshot_01.png,screenshot_game,4.88547,5.74393,1.49226,4.55133,5.10852,345,205
Nuclear_Throne_screenshot_03.png,screenshot_game,4.6232,5.26334,1.57391,4.54746,5.01602,356,211
Contraption_1.png,screenshot_game,2.59475,2.46821,0.800074,2.02419,2.24764,572,399
Rain_World_screenshot_-_2016-05-31_16_15_34_climbing.png,screenshot_game,1.59224,1.34895,0.288638,0.857488,0.997262,1205,943
KBattleship_Screenshot.png,screenshot_game,2.16662,2.02756,1.59993,2.43313,2.47528,273,179
Dr._Langeskov_The_Tiger_and_The_Terribly_Cursed_Emerald_Screenshot_2.png,screenshot_game,1.14353,0.990653,0.464391,1.00463,1.0536,994,746
3dcursedlabyrinth-mazegame.png,screenshot_game,7.70196,13.0428,3.43099,9.89859,11.3503,48,22
StationSnapshot1.png,screenshot_game,7.54402,15.4055,5.54506,12.4381,13.6931,140,57
ManifoldGarden_11.png,screenshot_game,1.75268,1.54749,0.557212,1.16284,1.30932,904,671
Tux_Racer_gameplay_pre-v0.60.png,screenshot_game,1.34946,1.02091,0.297417,0.770902,0.88838,804,554
Severed_screenshot_01.png,screenshot_game,1.97666,1.70841,0.369413,1.1302,1.30942,1003,745
Sn%C3%ADmek_obrazovky_2021-09-12_v_16.46.05.png,screenshot_game,6.48647,8.85883,2.84328,8.87838,9.67504,116,53
Fantastic_Contraption_VR_screenshot_02.png,screenshot_game,1.60783,1.43038,0.525965,1.31331,1.41097,790,586
Stella_Shii%27Mori.png,screenshot_game,0.961434,0.832433,0.643457,0.965717,0.978909,574,424
TerraMagnusGame.png,screenshot_game,6.20001,9.58498,3.0385,8.74503,9.42825,105,47
Orbithopper.png,screenshot_game,2.67341,2.48253,0.570182,1.86728,2.12742,388,279
Threes_development_process_art_mockup_26.png,screenshot_game,10.3681,41.5312,6.73551,22.8832,28.1405,126,39
Fragments_of_Him_-_Work_In_Progress_screenshot_6.png,screenshot_game,1.2599,1.08671,0.342357,0.940479,1.02288,1059,822
Air_Raid_(1979_game)_Screen.png,screenshot_game,11.6545,70.2361,42.1904,44.0891,57.6652,37,7
Mini_Metro_screenshot_5.png,screenshot_game,4.77645,3.20196,0.945202,1.90759,2.43195,576,411
Gyg.png,screenshot_game,6.72461,5.98476,2.9108,2.62295,3.46493,24,16
Mini_Metro_screenshot_4.png,screenshot_game,2.60418,2.24606,0.825881,1.8749,2.11482,580,417
Roosevelt_Elk_Male_(4837677522).png,screenshot_game,0.93092,0.806734,0.846604,0.987476,0.989536,979,761
Alto%27s_Adventure_screenshot_-_B06_Camp.png,screenshot_game,6.09228,7.33995,1.43074,3.87776,4.75933,379,232
Rail_Route_%E2%80%94_Build.png,screenshot_game,1.19734,1.03622,0.39869,0.999575,1.05967,967,728
Napoleonic_Empires.png,screenshot_game,1.00621,0.87154,0.549008,0.963565,0.988338,1300,1091
Moraffmahjongg.png,screenshot_game,1.27697,1.10687,0.565277,1.16689,1.21633,542,477
Trainyard_game_-_screenshot_of_mixing_colors_-_1_of_3.png,screenshot_game,3.29925,2.93057,1.58354,3.47636,3.68192,381,206
Flinthook_screenshot_-_Pax_square_1.png,screenshot_game,11.3868,46.1493,14.6517,47.0911,58.6941,131,36
Job_Simulator_screenshot_-_Hero_office.png,screenshot_game,3.45917,3.37496,0.800715,1.96462,2.3482,592,421
EB_battle.png,screenshot_game,0.986191,0.853503,0.538161,0.956779,0.977613,573,441
Fantastic_Contraption_VR_screenshot_03.png,screenshot_game,3.20712,3.17568,0.785918,2.26656,2.58645,539,375
Alto%27s_Adventure_screenshot_-_B10_Coins.png,screenshot_game,5.05095,5.38136,1.01618,2.39508,2.99248,515,353
ManifoldGarden_10.png,screenshot_game,1.55109,1.35652,0.547671,1.1063,1.22548,929,694
TowerFall_Backfire.png,screenshot_game,9.22954,15.7447,5.3302,16.5011,19.4675,192,81
Dr._Langeskov_The_Tiger_and_The_Terribly_Cursed_Emerald_Screenshot_3.png,screenshot_game,1.27996,1.10752,0.384019,0.997471,1.07673,1057,789
Nuclear_Throne_screenshot_02.png,screenshot_game,2.47369,2.34893,0.772681,2.06815,2.24517,575,401
Blackwood_Crossing_announcement_screenshot_04.png,screenshot_game,0.998031,0.863301,0.495589,0.939438,0.966681,993,754
Terracota_-_Falas.png,screenshot_game,1.96902,1.78327,0.609455,1.53112,1.67425,723,515
Dre2.png,screenshot_game,11.3214,43.7059,21.4124,24.3038,30.5344,15,3
Terracota_-_Jogo_menino.png,screenshot_game,1.88069,1.68184,0.552494,1.41208,1.55293,770,566
YarsRevengeEasterEGG.png,screenshot_game,11.889,589.327,163.311,594.714,641.635,134,13
DOTGv0.31screenshot.png,screenshot_game,2.38927,2.04436,0.352681,1.18009,1.40626,359,267
PG_battlefield.png,screenshot_game,1.65957,1.45141,0.562954,1.45711,1.54103,439,323
Blackwood_Crossing_August_reveal_screenshot_06_Island.png,screenshot_game,1.21672,1.07143,0.847247,1.19913,1.2307,825,594
Freedom_Planet_Milla_screenshot.png,screenshot_game,1.02227,0.884242,0.514928,0.973084,0.997269,123,92
Minetest_high-res_texture_pack.png,screenshot_game,1.05342,0.916108,0.541455,1.00765,1.03433,689,536
Celeste_screenshot_07.png,screenshot_game,3.04468,2.77438,0.589855,2.029,2.33301,674,464
Fragments_of_Him_-_Presskit_screenshot_5.png,screenshot_game,1.42612,1.22756,0.322107,0.934352,1.04702,1095,858
Rymdkapsel_screenshot_3.png,screenshot_game,5.94572,8.73375,3.24899,7.1266,7.89843,239,120
OrionsbeltBattle.png,screenshot_game,1.53007,1.29671,0.303821,0.961581,1.08706,290,223
This_Is_the_Police_logo_horizontal.png,screenshot_game,9.48816,31.7824,9.08075,23.0147,26.2641,164,52
Amulets_%26_armor_-03.png,screenshot_game,6.78409,7.80666,1.83815,6.45107,7.58983,110,60
Dwarf_Fortress_-_mapa_%C5%9Bwiata_fragment.png,screenshot_game,10.0733,4.86655,2.37802,2.10964,2.94281,8,5
Galak-Z_screenshot_-_explosion_centipede.png,screenshot_game,1.03258,0.892185,0.502751,0.949162,0.982949,1013,756
Rymdkapsel_screenshot_2.png,screenshot_game,9.14948,28.4023,9.55288,21.5054,24.1473,138,43
Fragments_of_Him_-_Presskit_screenshot_4.png,screenshot_game,1.95541,1.68478,0.404045,1.05509,1.23739,976,753
Credits.png,screenshot_game,2.52954,2.2528,0.390766,1.36818,1.61009,911,667
Terracota_-_Mapa_meio.png,screenshot_game,1.15919,1.00175,0.36197,0.954896,1.01505,1062,806
Alto%27s_Adventure_screenshot_-_B13_Wingsuit.png,screenshot_game,4.16431,4.22181,0.829265,2.38144,2.85541,553,375
Celeste_screenshot_06.png,screenshot_game,5.84593,6.20306,1.56282,3.85876,4.68515,402,242
Tacoma_StationCentralHub.png,screenshot_game,2.44711,2.2215,0.593798,1.45494,1.69047,742,551
Atlantik.png,screenshot_game,8.34311,12.6747,3.03416,11.4352,13.4188,215,97
Ballerburg.png,screenshot_game,3.30926,2.44002,0.512554,1.60917,1.95935,109,58
Production_UI_Coffee_Noir.png,screenshot_game,1.01137,0.874618,0.421476,0.920923,0.95421,998,777
Rain_World_screenshot_-_Linear_Farms_1080.png,screenshot_game,2.21116,2.08225,0.780183,1.92976,2.06711,584,411
Letterpress_screenshot.png,screenshot_game,6.48845,10.331,3.03146,8.39687,9.34531,206,98
Trainyard_game_-_Magic_Carpet_level_screenshot.png,screenshot_game,2.86386,2.56002,0.922898,2.4818,2.70158,415,271
Blackwood_Crossing_announcement_screenshot_05.png,screenshot_game,1.05388,0.910061,0.407309,0.916004,0.960676,1120,803
Robotfindskitten.png,screenshot_game,11.6054,55.6531,28.7014,39.5136,52.0218,28,6
Close_Castles_screenshot.png,screenshot_game,3.79587,3.46746,1.10329,2.85479,3.27528,446,293
Hackmud_archaic.png,screenshot_game,1.6709,1.43297,0.389551,1.2241,1.3524,1028,743
Battle_for_the_Galaxy_gameplay.png,screenshot_game,0.926668,0.803338,0.853561,0.984629,0.985642,143,104
Interton-cassette3-screenshot.png,screenshot_game,11.2044,62.0566,17.9268,58.4644,66.1873,16,3
Rail_Route_%E2%80%94_Control.png,screenshot_game,1.19115,1.03158,0.426818,1.02092,1.07585,944,710
Medieval_Mayhem_(NTSC).png,screenshot_game,11.4821,31.2661,11.4868,23.7065,31.3238,15,4
Invertika_-_Nex.png,screenshot_game,1.02166,0.880864,0.521421,0.963394,0.994327,505,399
TowerFall_Thornwood.png,screenshot_game,8.83503,12.0378,4.68516,14.2281,16.7734,214,98
Dwarf_Fortress_-_mapa_%C5%9Bwiata.png,screenshot_game,6.07184,3.98613,2.13114,1.51343,2.03864,73,52
PrinceofPersia1989-sdlpop-opensource.png,screenshot_game,1.67086,1.35562,0.591166,1.40399,1.51778,309,227
Celeste_screenshot_10.png,screenshot_game,4.08194,3.95918,0.846979,2.88224,3.33247,525,344
Darkelf_ligy.png,screenshot_game,2.41376,2.35879,1.13047,2.51812,2.61145,446,288
Celeste_screenshot_04.png,screenshot_game,2.77232,2.49627,0.526367,1.77579,2.03598,740,522
TowerFall_Twilight_Spire.png,screenshot_game,9.10824,14.8231,4.92922,15.1608,17.9651,198,85
Fragments_of_Him_-_Presskit_screenshot_6.png,screenshot_game,1.38334,1.19121,0.332116,0.945061,1.04925,1063,837
Mtp_Target.png,screenshot_game,1.22448,1.05809,0.410444,1.00642,1.07157,392,289
Alto%27s_Adventure_screenshot_-_B09_Roof_Rain.png,screenshot_game,3.31336,3.14953,0.702422,1.99086,2.33619,611,434
Minetest_LazyJ%27s_Forge_in_the_afternoon.png,screenshot_game,1.43059,1.28883,1.01071,1.49342,1.51587,644,466
A7xpg-continue.png,screenshot_game,4.09972,3.78413,1.08266,3.61613,4.0234,178,110
Hern%C3%AD_okno_Darkelfa.png,screenshot_game,1.02358,0.887233,0.710259,1.0273,1.04608,944,675
PAEE_C64.png,screenshot_game,11.3473,15.9735,8.6557,9.96261,13.7047,29,10
Rymdkapsel_screenshot_1.png,screenshot_game,8.91238,25.582,8.06807,18.988,21.426,145,48
Chmatakovonline.png,screenshot_game,1.55863,1.32757,0.291388,0.901024,1.03242,694,519
Celeste_screenshot_05.png,screenshot_game,2.02083,1.77638,0.448703,1.47955,1.63699,893,738
Blackwood_Crossing_August_reveal_screenshot_01_Finn.png,screenshot_game,1.37396,1.19433,0.41654,1.03106,1.12418,1002,778
Rain_World_screenshot_-_Shadow_Urban_1080.png,screenshot_game,3.94024,3.8922,0.869704,2.5656,3.00062,524,351
Galak-Z_screenshot_-_sentinel_showdown.png,screenshot_game,1.3615,1.17831,0.382345,0.999843,1.0924,1044,791
TowerFall_Sacred_Ground.png,screenshot_game,9.82051,18.5632,6.24746,18.7585,22.6188,185,74
Moyangyang.png,screenshot_game,2.01921,1.86615,0.651254,1.7315,1.85332,133,92
Celeste_screenshot_11.png,screenshot_game,2.09792,1.85943,0.504287,1.58325,1.74364,893,571
Actsmudgnome.png,screenshot_game,7.99866,12.0835,2.61087,9.57724,11.3625,168,76
Ten_tiles_on_weekly_no_tabs_564x548.png,screenshot_game,2.72652,2.62962,1.39383,2.7322,2.87028,178,114
Pysol-black-hole-solitaire-deal-1000-with-public-domain-tabletile.png,screenshot_game,1.46112,1.27109,0.484778,1.13742,1.23596,739,550
Konquest_catal%C3%A0.png,screenshot_game,1.99578,1.75504,0.392568,1.23301,1.40637,468,349
Blackwood_Crossing_announcement_screenshot_06.png,screenshot_game,1.07265,0.927204,0.432815,0.95524,0.997598,1057,786
Agar.io_gameplay.png,screenshot_game,7.53769,10.5988,3.92762,11.5194,12.8124,187,81
Spionagebericht.png,screenshot_game,4.7106,4.40174,1.02319,3.89961,4.4517,242,144
Passage_3_by_Jason_Rohrer_screenshot.png,screenshot_game,10.9084,32.0698,10.2422,40.6971,48.0534,13,4
RosAsmGameSpace.png,screenshot_game,6.04065,8.21304,1.6792,5.31373,6.24014,175,97
Blackwood_Crossing_announcement_screenshot_02.png,screenshot_game,1.44726,1.25179,0.39572,1.04616,1.1509,1003,763
Bradley_Trainer_screenshot.png,screenshot_game,10.1288,37.9078,7.66837,23.2622,27.8597,62,20
Nidhogg_video_game_screenshot_1.png,screenshot_game,7.75275,10.1351,2.39753,7.61717,9.09834,156,81
Galak-Z_screenshot_-_whole_gang.png,screenshot_game,1.07356,0.928968,0.411215,0.94377,0.986651,1043,790
Rain_World_screenshot_-_filtration_sys.png,screenshot_game,3.13333,2.77072,0.460235,1.41448,1.72588,680,498
Screenshot_from_Getting_Over_It_With_Bennett_Foddy.png,screenshot_game,1.01902,0.881571,0.496231,0.946101,0.977415,1404,1101
Celeste_screenshot_01.png,screenshot_game,3.97942,3.7525,0.72134,2.40252,2.84254,602,405
Dungeon_Crawl_Stone_Soup_-_Musu.png,screenshot_game,4.48863,5.30786,1.25802,3.92931,4.43108,424,263
Rymdkapsel_screenshot_5.png,screenshot_game,9.68871,36.4202,10.0117,24.6661,28.4033,134,42
Fragments_of_Him_-_Presskit_screenshot_3.png,screenshot_game,1.05268,0.909515,0.414847,0.926795,0.968601,1015,796
OrionsbeltPresentation.png,screenshot_game,2.03063,1.83747,0.557857,1.63378,1.77248,265,186
PekkaKana2_LevelEditor.png,screenshot_game,1.75664,1.51144,0.329469,1.04371,1.19431,250,193
Rain_World_screenshot_-_temple.png,screenshot_game,2.3806,2.13844,0.475454,1.42008,1.64452,603,453
Christopher_Strachey%27s_Draughts_Program.png,screenshot_game,1.96404,1.71655,0.508024,1.36351,1.52005,161,119
Robots_text_screenshot.png,screenshot_game,10.2255,21.869,7.0049,26.7153,31.4307,74,26
Trainyard_game_-_prototype_screenshot_dated_2009_November.png,screenshot_game,3.62261,3.57729,1.21912,3.37537,3.67786,208,128
Sn%C3%ADmek_obrazovky_2021-09-18_v_13.12.59.png,screenshot_game,3.34365,3.51828,1.25287,3.21643,3.46103,180,110
CS-Menu-Snatch.png,screenshot_game,5.06931,6.00477,1.71582,4.85292,5.43016,84,48
3dbrick2.png,screenshot_game,8.31829,12.5491,2.97315,11.6824,13.2171,25,10
Rain_World_screenshot_-_Garbage_Wastes_1080.png,screenshot_game,1.94945,1.79525,0.697971,1.68618,1.80052,673,467
Game_Cloud_Screenshot.png,screenshot_game,1.20226,1.03331,0.306158,0.844317,0.927876,658,523
Fragments_of_Him_-_Presskit_screenshot_2.png,screenshot_game,1.62497,1.41777,0.416339,1.06578,1.19799,948,734
Rymdkapsel_screenshot_4.png,screenshot_game,7.02992,12.2921,4.24995,9.51352,10.6926,217,93
Celeste_screenshot_00.png,screenshot_game,5.11646,5.79704,1.3217,3.56629,4.22083,413,256
Netrek-client-cow.png,screenshot_game,10.1878,12.539,5.51528,8.62215,11.4831,213,102
Alto%27s_Adventure_screenshot_-_B05_Grind_Hop.png,screenshot_game,5.56327,5.7873,1.20482,2.74649,3.4462,472,314
Alto%27s_Adventure_screenshot_-_B03_Spine.png,screenshot_game,4.04293,4.03951,0.758321,2.25189,2.70354,579,397
Tacoma_ZeroG_Figures.png,screenshot_game,2.4766,2.26282,0.623533,1.39139,1.6363,761,565
Rain_World_screenshot_-_SB_F01.png,screenshot_game,3.18621,3.20337,0.758852,2.29467,2.60421,609,423
Virtual_portal_or_magic_lens.png,screenshot_game,4.19534,4.1548,0.765276,2.60136,3.10226,229,135
Eugen_Uskoff.png,screenshot_game,6.10862,5.60739,0.930389,2.98708,3.74958,108,69
Fkiss.png,screenshot_game,5.48947,4.69435,1.81942,3.46146,4.23721,121,75
Broforce_blade_vs_truck.png,screenshot_game,2.80551,2.72609,0.926855,2.43067,2.63854,538,367
DungeonmodeB.png,screenshot_game,1.49437,1.27961,0.294026,0.938063,1.06329,186,144
Blackwood_Crossing_announcement_screenshot_03.png,screenshot_game,1.03728,0.89611,0.423471,0.92179,0.961433,1047,845
Wc4source.png,screenshot_game,8.69463,18.3133,3.23959,12.4831,14.8179,82,32
Tacoma_Kitchen.png,screenshot_game,1.86114,1.63737,0.429491,1.17404,1.33712,927,688
Benkid77_CNPD.png,screenshot_game,7.45293,13.7937,12.4806,10.9277,12.4433,18,6
Blackwood_Crossing_announcement_screenshot_01.png,screenshot_game,1.64817,1.42058,0.358939,1.10275,1.23735,995,797
Senat.Grepolisfr.png,screenshot_game,1.07569,0.929162,0.50876,1.02465,1.05236,107,78
C4_Solids_Demo.png,screenshot_game,10.6429,44.4786,31.031,15.8351,20.22,13,5
Sega-Mega-Drive-regional-lockout-error.png,screenshot_game,11.8912,97.9012,53.5725,48.5199,65.006,12,3
Blobby_volley_2_alpha_6.png,screenshot_game,1.99654,1.39117,0.289561,0.81847,0.998642,721,571
Terracota_-_Falando.png,screenshot_game,1.55756,1.37498,0.402594,1.21164,1.31504,891,674
Nidhogg_video_game_screenshot_2.png,screenshot_game,6.67061,7.44944,1.99261,5.55036,6.58097,177,101
Finances_UI_Coffee_Noir.png,screenshot_game,1.10827,0.956346,0.475626,0.995038,1.03965,983,744
Rail_Route_%E2%80%94_Automate.png,screenshot_game,1.18443,1.02642,0.436781,1.03106,1.08269,934,705
Neverball_Game-Over-Bildschirm.png,screenshot_game,3.36419,3.31406,0.617289,2.55141,2.89451,530,350
Synth_video_game_screenshot_D.png,screenshot_game,1.21591,1.05244,0.431038,0.995347,1.06101,1093,828
Plunderland2.png,screenshot_game,3.84361,3.88155,1.12044,3.04884,3.43665,87,55
Celeste_screenshot_02.png,screenshot_game,4.86832,5.19182,1.15985,3.66171,4.25182,432,269
OXO_emulated_portion.png,screenshot_game,10.5924,8.03467,4.20976,6.43779,8.96877,16,6
BeamWars--.png,screenshot_game,1.16698,1.01292,0.554508,1.10879,1.13891,65,48
Job_Simulator_screenshot_-_Hero_auto.png,screenshot_game,2.06797,1.87129,0.606801,1.50018,1.67113,733,530
Mouse_in_the_Maze_portion.png,screenshot_game,4.17949,4.69032,1.05163,3.29661,3.76476,106,66
Slingshot.png,screenshot_game,2.71621,2.29928,0.560318,1.17067,1.43238,565,428
Pahom_Grim.png,screenshot_game,1.18179,1.01927,0.374488,0.940653,1.00654,530,414
Fragments_of_Him_-_Presskit_screenshot_1.png,screenshot_game,1.13752,0.981585,0.335549,0.899576,0.963549,1093,852
Mode_7_on_GBA.png,screenshot_game,11.6889,63.7863,36.8389,42.8711,57.6793,122,30
Celeste_screenshot_03.png,screenshot_game,5.71719,6.53066,1.60304,4.49226,5.31013,379,221
TowerFall_Kings_Court.png,screenshot_game,9.36425,16.1828,5.4531,17.3622,20.4796,194,81
Invertika_-_Desert.png,screenshot_game,1.67638,1.40917,0.284081,0.856269,1.00426,684,544
Broforce_mooks_in_air.png,screenshot_game,3.17421,3.09891,0.988461,2.80959,3.05677,503,324
Testootebfjosa.png,screenshot_game,1.49389,1.30072,0.466749,1.14223,1.24188,749,558
Everything_screnshot_06.png,screenshot_game,1.29417,1.11894,0.404789,0.975448,1.06009,1051,797
Nidhogg_video_game_screenshot_3.png,screenshot_game,4.90146,4.82915,2.12884,5.502,5.94154,187,104
Alto%27s_Adventure_screenshot_-_A07_Ruins.png,screenshot_game,4.29012,4.36888,0.858869,2.47132,2.97053,533,361
Open_Ski_Jumping_020.png,screenshot_game,11.4462,79.54,10.6568,16.4777,22.8187,65,21
apps-help-browser.png,icon_512,5.59181,6.55582,0.965815,2.44859,3.10951,153,107
actions-document-properties.png,icon_512,10.3228,26.9484,4.15817,7.76447,10.4925,79,38
mimetypes-x-office-spreadsheet-template.png,icon_512,8.13102,11.7074,1.83508,5.88647,7.38101,108,61
apps-preferences-system-windows.png,icon_512,11.436,34.4887,26.3773,103.696,115.38,56,14
mimetypes-x-office-presentation.png,icon_512,6.81767,9.54948,1.79436,5.62396,6.77865,99,56
actions-format-text-strikethrough.png,icon_512,8.54966,17.1232,2.10795,6.83117,8.69408,85,46
mimetypes-text-x-script.png,icon_512,9.0938,19.4427,3.79577,7.01332,9.05777,175,40
actions-edit-select-all.png,icon_512,11.602,52.3472,2.72475,11.362,16.0156,74,32
actions-view-refresh.png,icon_512,6.48529,9.75341,1.99831,4.31111,5.35454,101,59
actions-go-first.png,icon_512,8.79599,17.1963,2.05811,4.83678,6.40688,97,59
status-network-transmit-receive.png,icon_512,5.87978,6.70973,0.891348,3.70577,4.55406,142,85
apps-preferences-system-network-proxy.png,icon_512,5.04952,5.70054,1.09569,2.58576,3.19309,153,105
status-dialog-warning.png,icon_512,9.94577,35.2704,3.53593,9.82819,12.9929,67,30
actions-edit-undo.png,icon_512,9.01872,23.8362,4.69503,10.0078,12.4664,69,27
devices-computer.png,icon_512,6.69965,7.48758,0.960954,3.86453,4.85764,137,84
categories-applications-office.png,icon_512,4.88759,5.89711,1.48968,4.43921,5.02243,108,64
actions-go-top.png,icon_512,8.90032,17.0114,2.34101,4.51547,6.03259,98,57
devices-drive-removable-media.png,icon_512,10.256,28.7996,4.402,7.48313,10.1801,73,36
emotes-face-angel.png,icon_512,5.81165,7.05376,1.35149,2.57894,3.29338,140,95
status-battery-caution.png,icon_512,7.94376,12.4392,2.45702,8.53019,10.2145,88,42
actions-format-indent-less.png,icon_512,10.9482,33.7608,2.44908,8.84625,12.2375,80,37
status-network-offline.png,icon_512,6.23203,7.12931,0.900688,3.62521,4.51391,147,90
devices-input-mouse.png,icon_512,9.14626,18.0239,3.13472,4.13303,5.58212,97,57
actions-appointment-new.png,icon_512,4.17551,4.6132,1.19366,2.55833,3.06243,146,96
status-folder-drag-accept.png,icon_512,9.5182,19.9153,3.12075,9.51774,12.143,81,37
actions-go-last.png,icon_512,9.02037,18.5051,2.65003,5.24638,6.94556,92,55
apps-preferences-desktop-font.png,icon_512,10.2039,32.4118,4.91676,10.4707,13.7854,67,29
actions-mail-send-receive.png,icon_512,7.35643,11.9634,2.12411,5.48786,6.77375,93,53
mimetypes-x-office-document-template.png,icon_512,7.62993,11.1959,1.90706,6.57519,7.99935,101,56
actions-mail-reply-sender.png,icon_512,7.0037,11.3914,2.2642,5.83857,7.06791,91,47
mimetypes-video-x-generic.png,icon_512,6.89707,11.3205,1.58963,5.22602,6.40521,94,52
devices-video-display.png,icon_512,7.77783,9.76772,1.10385,4.59552,5.88682,123,71
emblems-emblem-readonly.png,icon_512,10.9215,44.7043,6.55174,12.5093,16.8415,63,24
emotes-face-surprise.png,icon_512,5.70805,6.9671,1.26645,2.79237,3.51638,139,91
actions-go-up.png,icon_512,8.9416,19.41,3.34259,6.8383,8.78381,81,41
actions-edit-find.png,icon_512,6.46822,9.04415,1.68853,4.75231,5.77308,105,61
mimetypes-application-x-executable.png,icon_512,8.19883,14.5986,1.966,5.32849,6.80328,94,52
places-user-desktop.png,icon_512,9.80686,25.6487,2.00026,7.02309,9.33473,84,43
status-printer-error.png,icon_512,8.92618,15.2946,2.8511,9.04028,11.2753,83,40
apps-system-file-manager.png,icon_512,10.9409,48.7634,5.32942,21.2722,27.7225,59,19
places-user-home.png,icon_512,9.29325,18.5817,2.28829,8.69716,11.1059,84,40
devices-input-keyboard.png,icon_512,9.28447,22.0585,1.71115,6.25612,8.32238,89,47
apps-preferences-desktop-keyboard-shortcuts.png,icon_512,7.805,11.8835,1.78569,4.29083,5.54403,111,66
categories-preferences-system.png,icon_512,5.79896,8.02017,2.44193,4.5164,5.37019,98,57
status-network-idle.png,icon_512,5.69152,6.15019,0.793118,3.20775,3.97011,155,98
emblems-emblem-symbolic-link.png,icon_512,10.7695,41.1075,6.21297,11.5367,15.4956,63,25
actions-contact-new.png,icon_512,5.03632,6.24362,1.4108,4.15983,4.83268,111,66
status-weather-snow.png,icon_512,3.70944,4.0855,1.47299,2.99618,3.37559,121,79
actions-tab-new.png,icon_512,5.98867,8.639,2.97886,8.04847,8.70139,78,37
apps-preferences-desktop-wallpaper.png,icon_512,6.74563,8.95992,1.34503,5.4034,6.54226,108,61
apps-system-users.png,icon_512,4.26223,4.82129,1.30178,3.32218,3.818,126,79
actions-edit-find-replace.png,icon_512,6.31571,8.45182,1.73867,4.30026,5.24932,111,65
devices-input-gaming.png,icon_512,7.83299,14.1205,2.28377,6.42983,7.97825,86,46
emblems-emblem-photos.png,icon_512,7.75696,11.5106,2.20731,7.38975,8.9108,93,47
actions-media-seek-forward.png,icon_512,8.98903,20.8018,3.04926,9.67821,12.0169,73,33
devices-media-floppy.png,icon_512,10.2219,21.4023,1.05277,4.44006,6.11286,116,70
devices-media-flash.png,icon_512,7.61103,11.4382,1.33478,5.10942,6.45908,108,61
actions-edit-redo.png,icon_512,8.58325,19.7152,4.99617,7.91147,9.94577,71,34
places-folder-remote.png,icon_512,8.7701,15.8019,2.0826,8.22387,10.3375,87,42
emblems-emblem-important.png,icon_512,9.39989,30.8306,3.90617,13.4645,16.576,59,23
places-start-here.png,icon_512,9.45504,30.8405,4.58172,15.5809,18.8016,59,22
actions-address-book-new.png,icon_512,4.95934,5.92297,1.53299,4.91957,5.50183,109,61
apps-preferences-desktop-locale.png,icon_512,9.60469,13.5505,5.23688,21.5143,24.5791,85,31
actions-edit-paste.png,icon_512,8.87701,16.2253,1.51773,5.9314,7.83049,99,52
mimetypes-audio-x-generic.png,icon_512,8.07425,18.0667,2.75859,11.4513,13.342,64,27
actions-mail-message-new.png,icon_512,4.30252,4.82774,1.22383,3.36577,3.87321,128,79
devices-camera-photo.png,icon_512,6.48743,9.07789,1.62779,5.34036,6.39376,103,58
devices-battery.png,icon_512,8.18995,13.0669,3.28869,11.8879,13.6904,81,35
status-weather-few-clouds-night.png,icon_512,4.59687,5.31619,1.67279,3.65847,4.22078,108,68
status-weather-clear.png,icon_512,4.48938,5.30702,1.0979,3.45366,3.98339,126,79
status-audio-volume-muted.png,icon_512,4.96711,5.94952,1.26023,4.10412,4.73116,118,70
actions-edit-copy.png,icon_512,9.8679,25.6273,1.96846,7.99935,10.6754,81,40
mimetypes-text-x-generic.png,icon_512,11.1989,43.2011,6.39276,15.7035,21.1497,64,24
actions-media-playback-stop.png,icon_512,10.8563,44.7542,7.79877,19.6304,25.1707,58,20
devices-drive-optical.png,icon_512,9.42602,22.1273,3.5772,9.29984,11.8617,74,34
actions-system-search.png,icon_512,4.23396,4.83305,1.20073,3.21263,3.69696,127,82
actions-document-print-preview.png,icon_512,5.67673,7.18738,1.67159,4.96617,5.74592,109,60
devices-multimedia-player.png,icon_512,7.13589,9.26177,1.93393,5.90929,7.19385,104,55
devices-camera-video.png,icon_512,7.19859,10.55,1.26878,4.55955,5.75989,112,68
places-folder.png,icon_512,9.68226,24.2027,2.52207,9.8543,12.7123,132,35
actions-list-add.png,icon_512,11.0355,67.0045,4.90056,18.4947,24.8745,56,20
status-weather-clear-night.png,icon_512,8.22009,15.2345,2.65215,7.30369,9.1077,76,39
status-dialog-error.png,icon_512,9.00962,18.4804,1.91922,6.25234,8.11457,92,49
status-audio-volume-low.png,icon_512,4.74486,5.57139,1.14829,3.85226,4.4335,123,74
actions-format-indent-more.png,icon_512,10.8587,33.7389,2.53008,9.30028,12.81,78,35
categories-applications-games.png,icon_512,8.71644,20.6525,2.04026,7.66951,9.74416,76,38
mimetypes-x-office-calendar.png,icon_512,6.56366,9.79087,2.21882,6.80399,7.90479,85,44
actions-go-next.png,icon_512,9.13946,20.6589,2.89302,5.90069,7.76769,87,46
status-audio-volume-high.png,icon_512,4.38387,4.93275,1.01348,3.40603,3.91673,132,84
apps-preferences-desktop-assistive-technology.png,icon_512,6.534,7.94524,0.994445,2.1468,2.847,160,114
actions-format-text-bold.png,icon_512,8.40492,15.6645,1.45245,4.51314,5.93946,106,63
status-weather-showers.png,icon_512,2.76313,2.77056,1.28263,2.29642,2.51736,143,99
apps-internet-mail.png,icon_512,9.10981,19.3225,2.48809,6.30194,8.23317,86,45
emotes-face-sad.png,icon_512,5.41351,6.53779,1.25152,2.96411,3.66177,133,86
actions-bookmark-new.png,icon_512,5.49522,6.78928,2.22746,5.57619,6.30033,98,53
emblems-emblem-favorite.png,icon_512,8.10955,14.3131,1.87641,7.06727,8.7572,86,44
status-dialog-information.png,icon_512,4.31821,4.86649,0.997424,3.05373,3.56129,140,90
apps-internet-group-chat.png,icon_512,11.2283,71.89,6.04758,19.9562,26.7968,55,18
mimetypes-package-x-generic.png,icon_512,8.44536,13.7993,4.00848,11.6017,13.591,77,34
actions-system-shutdown.png,icon_512,9.54315,21.1606,3.38939,9.95282,12.6967,75,34
devices-media-optical.png,icon_512,4.13129,4.31233,0.784365,1.8012,2.25163,194,142
emotes-face-monkey.png,icon_512,5.11707,5.80899,0.890329,2.54695,3.16767,156,106
status-network-receive.png,icon_512,5.7911,6.39515,0.825123,3.3692,4.16595,149,92
mimetypes-text-html.png,icon_512,4.9394,5.87133,1.3845,3.96315,4.59,117,71
categories-applications-internet.png,icon_512,2.80885,2.74475,0.698755,2.02051,2.28126,186,130
actions-process-stop.png,icon_512,8.87541,18.0222,2.89536,4.66803,6.22828,92,52
apps-preferences-system-session.png,icon_512,9.63104,18.4344,5.20978,18.3832,21.396,70,28
mimetypes-x-office-address-book.png,icon_512,8.15327,13.7938,2.13101,9.37054,11.2792,82,41
devices-network-wired.png,icon_512,8.06895,17.8807,4.69213,10.295,12.1558,66,27
status-image-loading.png,icon_512,8.01304,13.1255,2.64157,5.45974,6.97117,89,50
actions-media-seek-backward.png,icon_512,8.92861,20.2901,2.93668,9.53621,11.826,73,35
apps-preferences-desktop-theme.png,icon_512,7.8902,13.7785,2.32052,7.36332,8.95464,87,43
emotes-face-grin.png,icon_512,6.80823,9.7185,1.96963,4.88406,5.97157,104,58
actions-view-fullscreen.png,icon_512,5.14788,6.72861,5.85026,7.71329,7.90924,73,32
actions-media-record.png,icon_512,9.67369,27.0868,3.93487,8.81393,11.4314,71,32
places-network-workgroup.png,icon_512,9.16331,20.016,4.68756,14.8193,17.3928,67,26
mimetypes-font-x-generic.png,icon_512,9.6169,22.6584,1.65663,4.75899,6.52013,99,56
status-folder-open.png,icon_512,9.86592,24.6714,3.64852,13.189,16.4663,70,30
categories-applications-multimedia.png,icon_512,8.54743,17.9996,2.47963,7.85882,9.87137,79,38
status-software-update-available.png,icon_512,8.90838,19.2492,3.67793,12.6225,15.006,70,30
status-network-wireless-encrypted.png,icon_512,5.63864,7.40729,1.65087,3.73829,4.52545,114,70
actions-mail-mark-junk.png,icon_512,6.4251,8.6445,1.51559,2.88123,3.71141,131,86
emotes-face-crying.png,icon_512,5.00326,5.80858,1.14048,2.90696,3.53554,139,90
status-image-missing.png,icon_512,10.7284,35.8798,3.28839,9.51383,12.8653,75,34
emblems-emblem-system.png,icon_512,8.83949,16.6023,1.37358,2.94348,4.05595,122,81
actions-folder-new.png,icon_512,4.35185,4.94076,1.20407,3.68539,4.19019,122,75
devices-printer.png,icon_512,9.85109,20.1225,6.28257,24.1741,27.4669,69,23
places-user-trash.png,icon_512,7.63942,11.0638,1.62909,4.96598,6.27659,109,62
categories-preferences-desktop-peripherals.png,icon_512,6.91162,9.52701,1.5882,3.30734,4.27892,120,76
devices-audio-card.png,icon_512,7.39684,11.524,1.7275,4.18217,5.35731,104,63
emblems-emblem-unreadable.png,icon_512,6.41462,7.60334,0.911569,2.37226,3.10078,163,111
devices-network-wireless.png,icon_512,6.0099,8.1232,2.13239,4.56077,5.46194,102,59
mimetypes-x-office-spreadsheet.png,icon_512,7.63467,11.7521,1.6367,4.31674,5.57927,111,64
actions-format-justify-center.png,icon_512,11.6116,53.1912,2.09723,8.55636,12.1588,78,38
actions-document-print.png,icon_512,9.73307,20.2663,6.11831,22.7582,25.8559,67,24
emotes-face-wink.png,icon_512,5.32006,6.31786,1.25093,2.85965,3.53243,138,91
status-audio-volume-medium.png,icon_512,4.5776,5.27039,1.08638,3.65378,4.20112,126,79
places-network-server.png,icon_512,10.3652,35.6976,8.50096,31.7827,36.5035,54,16
emotes-face-kiss.png,icon_512,5.10644,6.1083,1.30091,3.15679,3.81615,129,84
apps-preferences-desktop-accessibility.png,icon_512,7.28934,9.68192,1.28469,2.69684,3.57002,141,94
emotes-face-smile.png,icon_512,5.44138,6.58568,1.2938,2.95903,3.65966,136,88
apps-system-software-update.png,icon_512,4.40154,4.59386,1.07892,3.23696,3.7573,136,86
categories-preferences-desktop.png,icon_512,11.0009,33.4898,7.89613,23.226,29.5252,61,21
actions-system-lock-screen.png,icon_512,6.98479,8.55138,1.11133,4.42094,5.53701,123,73
actions-go-bottom.png,icon_512,8.61183,16.2694,2.56525,5.44847,7.06588,92,51
actions-format-text-underline.png,icon_512,8.23731,15.367,1.9104,6.12496,7.77968,91,49
status-weather-few-clouds.png,icon_512,3.53243,3.78411,1.06663,2.72868,3.08366,140,92
apps-internet-web-browser.png,icon_512,4.4978,4.90855,0.901994,2.3539,2.87489,163,112
actions-edit-cut.png,icon_512,7.46027,13.5095,2.14936,5.69556,7.08855,88,49
status-weather-severe-alert.png,icon_512,3.89061,4.34216,1.50434,3.00149,3.41761,123,82
apps-office-calendar.png,icon_512,9.83335,29.352,4.17197,11.8585,15.1739,64,27
categories-applications-development.png,icon_512,3.9276,3.99717,0.674541,2.03865,2.46855,194,136
actions-go-jump.png,icon_512,8.45408,20.4658,3.84994,10.402,12.5116,67,29
categories-applications-other.png,icon_512,8.31042,16.5592,3.81095,5.59666,7.19359,84,44
apps-utilities-terminal.png,icon_512,6.66423,7.34413,0.874298,3.69324,4.66947,142,87
actions-media-playback-start.png,icon_512,9.89173,30.8812,4.50201,12.995,16.3567,105,25
actions-go-home.png,icon_512,8.9473,18.1712,3.58946,6.07687,7.93126,82,44
devices-audio-input-microphone.png,icon_512,6.48529,9.54654,1.65712,4.15912,5.16737,105,64
apps-internet-news-reader.png,icon_512,10.0096,22.7309,4.77798,19.6294,23.428,67,24
status-network-error.png,icon_512,5.82197,6.25701,0.771007,2.93423,3.69099,162,104
emotes-face-plain.png,icon_512,5.38593,6.4432,1.23207,3.00771,3.70086,137,114
mimetypes-x-office-document.png,icon_512,10.3413,27.6438,4.82346,12.9731,16.7797,71,28
mimetypes-image-x-generic.png,icon_512,7.20598,8.9357,2.03538,7.6019,8.86061,104,53
status-weather-showers-scattered.png,icon_512,3.45946,3.70465,1.44103,2.77133,3.10435,130,86
categories-applications-accessories.png,icon_512,6.73546,9.83249,1.39137,4.28261,5.32568,111,68
emotes-face-glasses.png,icon_512,3.90545,4.15973,0.83972,2.36055,2.79901,164,113
apps-system-installer.png,icon_512,6.78099,9.94911,1.59461,3.95629,4.99779,112,69
mimetypes-application-certificate.png,icon_512,6.72762,9.34656,1.22478,3.04074,3.94296,132,87
actions-media-playback-pause.png,icon_512,10.2379,33.4223,5.71591,14.8249,18.78,62,24
actions-media-eject.png,icon_512,10.0949,30.9426,5.55262,14.3567,18.0424,64,24
actions-document-save.png,icon_512,7.48641,11.3209,1.85073,3.90169,5.05757,109,68
apps-utilities-system-monitor.png,icon_512,5.76495,6.31747,0.892325,2.30579,2.96713,169,116
actions-system-log-out.png,icon_512,5.52394,6.12352,1.43358,2.79951,3.50048,143,93
actions-document-new.png,icon_512,4.56803,5.40433,1.68236,4.10267,4.6475,107,62
actions-media-skip-backward.png,icon_512,8.62694,17.4095,2.61459,8.5696,10.5811,80,39
apps-accessories-calculator.png,icon_512,9.44232,19.6957,3.26893,12.989,15.8901,75,30
apps-preferences-desktop-multimedia.png,icon_512,2.55348,2.5193,1.21772,2.12055,2.32145,150,106
emotes-face-devilish.png,icon_512,5.59467,6.99379,1.71873,4.69562,5.45967,106,62
categories-applications-graphics.png,icon_512,6.38379,9.23026,2.65409,7.3271,8.26918,83,40
actions-edit-clear.png,icon_512,5.60488,7.82309,1.88651,4.98695,5.77122,95,55
emotes-face-smile-big.png,icon_512,5.69944,6.97741,1.31923,3.39169,4.15662,128,81
actions-list-remove.png,icon_512,11.2799,92.8697,7.46196,27.7186,36.9772,49,13
actions-format-justify-fill.png,icon_512,11.613,53.7382,2.22089,9.18944,13.0515,78,36
actions-format-justify-left.png,icon_512,11.6226,53.4225,2.06266,8.59207,12.2147,79,38
mimetypes-x-office-drawing.png,icon_512,9.79807,24.3575,3.82511,10.7374,13.7777,71,32
mimetypes-x-office-presentation-template.png,icon_512,6.03573,7.22007,1.1195,4.00395,4.86112,136,81
status-weather-overcast.png,icon_512,3.76788,4.19555,1.64121,3.20616,3.58075,115,74
actions-media-skip-forward.png,icon_512,8.6073,17.2342,2.51974,8.54799,10.5471,80,39
actions-format-justify-right.png,icon_512,11.602,53.0656,2.10216,8.68141,12.3319,77,38
places-folder-saved-search.png,icon_512,9.07785,16.9984,2.13928,8.10972,10.3543,86,43
devices-drive-harddisk.png,icon_512,9.84221,26.3511,3.24472,8.07939,10.6841,74,35
actions-go-previous.png,icon_512,9.027,19.9234,2.75971,5.50268,7.27262,87,48
status-weather-storm.png,icon_512,2.93725,2.96297,0.972681,2.29839,2.5565,156,108
actions-document-open.png,icon_512,9.36764,18.2386,3.24194,10.1862,12.7131,80,36
actions-window-new.png,icon_512,5.48052,6.84245,3.95615,8.2901,8.58325,82,39
status-mail-attachment.png,icon_512,9.183,26.0381,3.58498,11.3404,14.0324,63,27
apps-accessories-text-editor.png,icon_512,7.93927,14.2099,2.13762,7.68525,9.36229,83,42
apps-preferences-desktop-screensaver.png,icon_512,7.0122,8.65181,1.10762,4.37305,5.49246,120,74
categories-applications-system.png,icon_512,6.89272,9.75898,1.10788,3.87138,4.88431,123,78
actions-go-down.png,icon_512,9.29501,21.8005,3.80672,7.1425,9.25998,78,39
actions-mail-reply-all.png,icon_512,4.91029,5.87557,1.33813,3.37059,4.00693,124,79
status-folder-visiting.png,icon_512,11.2915,47.28,13.0669,54.6893,65.9758,52,13
status-user-trash-full.png,icon_512,5.69317,6.63602,1.09392,2.82086,3.54517,143,95
apps-accessories-character-map.png,icon_512,9.71575,23.4693,3.6263,6.84544,9.10897,81,40
actions-format-text-italic.png,icon_512,9.06696,21.1284,2.53167,7.8733,10.0866,78,40
mimetypes-x-office-drawing-template.png,icon_512,6.39209,7.90001,1.76905,5.78429,6.76442,110,62
apps-preferences-desktop-remote-desktop.png,icon_512,5.65713,6.92114,1.00397,3.21121,3.97976,134,88
status-software-update-urgent.png,icon_512,9.89372,31.5809,5.23348,15.2433,18.8992,60,24
actions-mail-forward.png,icon_512,7.42982,12.3617,2.69016,4.44493,5.69944,99,56
status-network-transmit.png,icon_512,5.83164,6.53506,0.852756,3.5145,4.33315,144,90
actions-document-save-as.png,icon_512,7.79139,12.3267,2.14739,4.52326,5.84899,103,59
actions-edit-delete.png,icon_512,7.49668,9.44788,1.79211,5.31029,6.64149,112,61
mimetypes-text-x-generic-template.png,icon_512,9.9297,26.4561,3.83978,7.93094,10.4958,74,36
microsoft.com.png,screenshot_web,4.42701,5.20103,1.95589,4.8488,5.23594,1698,1001
stripe.com.png,screenshot_web,8.37484,16.1328,2.9165,9.8064,11.8451,2444,1177
news.ycombinator.com.png,screenshot_web,8.20545,15.9895,3.07859,11.4168,13.4059,493,212
amazon.com.png,screenshot_web,3.11975,3.20002,1.35329,3.16616,3.36085,4154,2604
creativecommons.org.png,screenshot_web,2.67947,2.57811,1.06244,2.41613,2.60959,4283,2854
phoboslab.org.png,screenshot_web,7.45836,11.6578,1.52548,4.8778,6.22314,10630,6730
apple.com.png,screenshot_web,5.11375,6.46317,2.22558,5.44264,6.03671,2243,1257
reddit.com.png,screenshot_web,5.16845,6.69545,2.1075,5.48407,6.09776,3793,2116
nytimes.com.png,screenshot_web,4.67879,5.72392,1.88643,5.13646,5.58906,2900,1598
imdb.com.png,screenshot_web,5.34982,7.17128,3.14287,7.00991,7.50511,2631,1327
duckduckgo.com.png,screenshot_web,9.52443,28.7642,5.05385,18.2642,21.7189,805,294
sublime.png,screenshot_web,8.07878,14.884,2.7675,10.5215,12.4116,2513,1133
en.wikipedia.org.png,screenshot_web,5.29297,6.21812,1.43226,4.89172,5.58475,1544,906
cnn.com.png,screenshot_web,4.96773,6.22,2.00262,5.50574,6.03028,2516,1368
002.png,photo_wikipedia,0.94178,0.815892,0.751195,0.980443,0.986339,1122,853
016.png,photo_wikipedia,1.23373,1.06358,0.35888,0.930978,1.01021,1268,976
017.png,photo_wikipedia,0.969447,0.839324,0.573729,0.955322,0.972694,1381,1029
003.png,photo_wikipedia,1.03734,0.896768,0.408502,0.914276,0.954888,1385,1046
029.png,photo_wikipedia,0.972767,0.840716,0.775104,0.999995,1.01037,1387,963
015.png,photo_wikipedia,1.01233,0.875454,0.556972,0.953066,0.982343,1200,916
001.png,photo_wikipedia,1.09889,0.947158,0.427968,0.910965,0.968195,1402,1087
014.png,photo_wikipedia,0.930824,0.806562,0.863095,0.98901,0.99085,1097,811
028.png,photo_wikipedia,1.0254,0.88023,0.573023,0.943893,0.980022,1263,926
010.png,photo_wikipedia,0.939967,0.814474,0.764284,0.980507,0.986024,1055,778
004.png,photo_wikipedia,0.927793,0.804053,0.899968,0.991296,0.99208,1122,843
038.png,photo_wikipedia,1.0204,0.882181,0.42344,0.919373,0.955282,1207,931
039.png,photo_wikipedia,0.97984,0.848106,0.574655,0.952191,0.973361,1349,1013
005.png,photo_wikipedia,0.947691,0.821357,0.838414,0.996719,1.00119,1188,839
011.png,photo_wikipedia,0.948604,0.821507,0.690816,0.973198,0.982102,1353,992
007.png,photo_wikipedia,0.940721,0.81501,0.748098,0.978392,0.984454,1022,839
013.png,photo_wikipedia,1.00574,0.869942,0.633225,0.980439,1.00368,1429,1067
012.png,photo_wikipedia,0.929467,0.805515,0.871015,0.989548,0.990902,1097,819
006.png,photo_wikipedia,1.13213,0.974108,0.48908,0.928001,0.992041,1697,1280
049.png,photo_wikipedia,0.925149,0.801855,0.933017,0.99418,0.994222,1201,917
048.png,photo_wikipedia,0.955138,0.828495,0.810031,1.00242,1.00704,992,775
040.png,photo_wikipedia,0.958103,0.829702,0.641488,0.965591,0.978375,1375,992
041.png,photo_wikipedia,1.08983,0.944086,0.543475,1.00206,1.0392,1153,875
043.png,photo_wikipedia,0.970028,0.839724,0.616711,0.960768,0.978223,1466,1141
042.png,photo_wikipedia,0.966073,0.836343,0.592899,0.960009,0.975653,1441,1071
046.png,photo_wikipedia,0.925656,0.802286,0.918469,0.992881,0.993004,1002,754
047.png,photo_wikipedia,0.947316,0.820574,0.677125,0.97114,0.980045,1202,919
045.png,photo_wikipedia,1.0335,0.893074,0.430943,0.919903,0.958915,1439,1090
044.png,photo_wikipedia,1.08633,0.938692,0.404436,0.935888,0.984345,1689,1292
023.png,photo_wikipedia,0.955473,0.827462,0.624878,0.96356,0.97598,1324,998
037.png,photo_wikipedia,0.940371,0.814935,0.789412,0.986021,0.9905,1198,909
036.png,photo_wikipedia,0.926857,0.8033,0.899446,0.991612,0.992056,978,749
022.png,photo_wikipedia,0.944028,0.817727,0.814616,0.98758,0.993426,1083,791
008.png,photo_wikipedia,0.997751,0.863128,0.455035,0.930211,0.958744,1190,917
034.png,photo_wikipedia,1.03075,0.881427,0.596305,0.982059,1.00922,1144,854
020.png,photo_wikipedia,0.954945,0.827004,0.656612,0.967151,0.978954,1367,980
021.png,photo_wikipedia,0.929097,0.805143,0.882166,0.990374,0.991705,1307,996
035.png,photo_wikipedia,0.973089,0.842331,0.553806,0.950494,0.969639,1296,1006
009.png,photo_wikipedia,0.974963,0.843947,0.556079,0.95049,0.970194,1154,920
031.png,photo_wikipedia,0.987981,0.854936,0.541345,0.942705,0.967252,1262,963
025.png,photo_wikipedia,0.988,0.853227,0.60344,0.956404,0.97927,1536,1149
019.png,photo_wikipedia,0.929439,0.805475,0.862959,0.989041,0.990566,1277,972
018.png,photo_wikipedia,0.978382,0.846662,0.596931,0.956154,0.97685,1552,1181
024.png,photo_wikipedia,1.02151,0.882778,0.521083,0.940817,0.974296,1375,1027
030.png,photo_wikipedia,0.979349,0.847615,0.524501,0.944639,0.96645,1524,1168
026.png,photo_wikipedia,0.939783,0.81424,0.772305,0.981437,0.986755,1230,889
032.png,photo_wikipedia,0.981558,0.849459,0.499524,0.940525,0.963416,1290,996
033.png,photo_wikipedia,0.93536,0.810518,0.809509,0.985446,0.988759,1003,765
027.png,photo_wikipedia,0.934775,0.809983,0.801928,0.98403,0.987591,1218,937
